[2026-04-20 22:37:19] 脚本启动
开始生成图像，参数如下:
  - 大字文本: 以方样斗教难须根先道照往都运道社市学基品员利生处度S下解米严...
  - 换行设置: 每 12 字换行
  - 小字文本: 圆县基则层体总叫须算同元收内队但U持事并何分王亲较发N带近日压严传二高约改支几万活8化东便住现都装议流示光反单d装三严史何料解量一千矿u历争所节状争其求两jSQ声七经活1快重新带下半江x权度段g制认类pW便音断知且长F回正可大风至不非成发以题油道热清周铁例线即见后段总她满就石许会技存得合证高好队细也效包定广清人方劳关见百满H制一少U号条复备值研领它义对青会最于治Q共分争适年年调将d场务用子需花立又叫最比力土取WZ了信速行改增里入年内条西美无0快六律风X法听利A响加此四象持属增反K于元置生程力y两干商教经f众小时特单九们设Yu用品影林文白细v史U各体存本她去T精她叫青正都须资来门些Q入王参形段接道动构常济织育党国引又具0来议革号决1三F它生决交快持c省由区hR马界度F争林提复风合拉基般从安见层无四号类通干观阶选n青段变拉张方j与情快起到0华何任龙例近边知起持B住严太义毛复给打P等里给共白代便干江B指J必都调先感专向太热重被深与展B过物边现那角题给会层级除f中该例北d建少B片改办存E七气热级律写周专Qz收J走界说几局性又提任五该道i论片门般出i相年l用以数却信重保三g给看特类p近太制情务W例K求d其走置线复公算亲标带们权研年许和论海强活B处现业受群才Q府给养走通内Z道回史场律五东并七总原命议该切术合新见切新治断战这问组线拉特风员8更常任军间千立响i音合列向达酸议z派意式公非家到就解e今劳学有变造料q反调三主口真低现斯h说正打角议科府基K建至九安成n定历节利过重单加计音门要只此住同与利维达毛其三相小比自成划示格R西光无将气清西声飞办完个表究住目大市王例历业极干道8放查s门计已法两她导界较酸时种反之构县格的照队就极信压干出或力只铁热我整存验情和计相专十g步实Y解商角规即取理合声支水动构圆料率或一素始务段县必热党历老Y照z重边包别代即N资3划广现q度q党行育行L人理参t也精利马接过直究权k话龙七己科与算只全面x酸际行机月我并分品区内她影把业离资影器万样今处林F给只采工f3月o音取公9属所资品意容为置统不县太vL约层H府间候事它心便何装水多话用族要及力L提角些率引及世气制Ner问参毛光也劳相越观接厂打面山利部特般么资今件观门张e直离许况南须步之到时7之与改级件h复清至素严记层确b命音义做关活z管G土会向sh格而日集t于程3率外置风目院样府族示向12清写得县里品族至人比家论十可战活积则平确素K段公传以9京指民断做F通小度马每断资议问增九划三石听更县九飞手易知备者者明j低保而说区约长力成l教叫别红c运O于只者法争实百京入切三道全九教何信观切离需书我气历R常把二需动习u而共老则量者并d议价加劳地过做农八手社阶员经织积认很事1就前f何市没着器区电权间白律总接响决处能者九组集没组r点g处音活决所放较下参支平太也空共还称常m土小学明从现往也i话南速务装铁传2通t立被光整标走常工队来特只土x面积流具k列们K身开类志m回斯始0说许来非4联离设P路府织出整展题打路反适p斗物过界P情记界电验说白传直家须g8M方叫争中很i象克合9加意率争清列什界引科议实把书节H千生设矿s华感值与重q值I因织场被除太世根体些完红出百件Z连思度说两先油派而L江严W角统求路过相想定深展起来P即派往光确J中社物c离运称各等重集马可始压证空例近结的文场开律联式j美号争大红生路长支次发新需法万团里常果传置算z北性如难e时然维严立情接江保时许条调作记气存决知被l果应众管写比子农区7把问学直意必近机做战素M确放集维对且见油史都以京织西度关土活h要实先件做能化管最道n个应术N进府际那华布9些水工从断8斯r2律验更结月量验儿从活相1划各东式身色0电价主接难造别别例度代工给术电易更至何电世局派极无体Z相g极变下由l第节确方温走具点马G五T们满过h消利四身科以飞再温公内快见则音量角给料二调想3革知酸思所新等先自于f满期pH查Y千它都7色该器面山取新万地此议状且条不民如利及将到于教活没路回更格马华电多长2打及理斗较用来深毛极小B高X想图才状积争济海速保这党得期军F红米议比记u务全于百联千府基王线身儿合被根手前世华即京素商极教8北老l处权采观局装毛利热m道建d0消商音七造白Z千只车美D山员构起们k下T记般那易质教质得习重于I相样行题即装化qx量广该治群便只条成除广样列识时R期始Y时片率应般红没来建斗V展任温联飞
  - 大字字号: 73
  - 小字字号: 4
  - 小字水平间距: 3px
  - 小字垂直间距: 3px
------------------------------
开始逐字生成模板并填充...
  - 正在处理大字: '以'
  - 正在处理大字: '方'
  - 正在处理大字: '样'
  - 正在处理大字: '斗'
  - 正在处理大字: '教'
  - 正在处理大字: '难'
  - 正在处理大字: '须'
  - 正在处理大字: '根'
  - 正在处理大字: '先'
  - 正在处理大字: '道'
  - 正在处理大字: '照'
  - 正在处理大字: '往'
  - 正在处理大字: '都'
  - 正在处理大字: '运'
  - 正在处理大字: '道'
  - 正在处理大字: '社'
  - 正在处理大字: '市'
  - 正在处理大字: '学'
  - 正在处理大字: '基'
  - 正在处理大字: '品'
  - 正在处理大字: '员'
  - 正在处理大字: '利'
  - 正在处理大字: '生'
  - 正在处理大字: '处'
  - 正在处理大字: '度'
  - 正在处理大字: 'S'
  - 正在处理大字: '下'
  - 正在处理大字: '解'
  - 正在处理大字: '米'
  - 正在处理大字: '严'
  - 正在处理大字: '活'
  - 正在处理大字: '还'
  - 正在处理大字: '动'
  - 正在处理大字: '研'
  - 正在处理大字: '构'
  - 正在处理大字: '1'
填充完成。正在保存图像...
------------------------------
图像已保存为: /tmp/tmp6hnq1oh2.png
总耗时: 0.53 秒
------------------------------
开始生成图像，参数如下:
  - 大字文本: 还十体据看应青维安团业包E养思产叫好自通正又关劳k公周有石书...
  - 换行设置: 每 12 字换行
  - 小字文本: 际情之O问确事如实般类角转门改拉义正便红子战际能花会采增身物直交之外万而济效则油取对队快周统江支务到员可6Z年Y以计除克x土论5资照J老影研清石位去证六技形一为建究美共按正革第a委十效根克价人外行要议际地习将与义满分金没江半想声且已公二研平月会h该M节几导ud且号想角小老劳保识公非亲O速r打如线前许S京而委合或究斗红开历委白造照程l人ao之9造线完前O单府基权品又油器定z光却N件手速平起又Z务期现题基层压石算看王r温海当选使矿七P己温成他厂f律市她状样非了增长科林才规七在单有六第x这院究快L民多小合什江或接长见花4相算京石火往方基单分了点压强值带火后认们四局龙治作工UF速要V最o目感断接能体新片级D党便高3周志v就决却料除k统构我气5海总c区织研产科写断子实连元列立所是很式但里开先风计个文方声并流解路说GIx身使基高公东可放论热能反数节积因民系h党张毛题展江住v水已g些最qs结布海例线老江图三速走再影更j队验西结书眼标计压空线段深族工4造较增R众美维式D证今说除需总许生0越知劳q九了原阶极具例必少构至志员上法角o之c自者任天规治西复想月斯三识步越制0内业都白m样组好集区我确由走级商外感效可学红开提据么调认集议华目位厂才查商建确说如进系性书阶根化边应况书土9风海高最回就品了水江p增导算角专七子以酸解第改当据响克转十三府按管按们矿采4学置感建9先位型西6府各斯至常连空机高天天成常命改通际没或火1织后p号Q5局家县心连易酸越海真但手则元该方思道a特i提一府半备据拉品可收义九日或易五真带热员影地定值处部火干的m然持里群都Y气石心件H机统系儿与记际的治里全装了布型3运里动边备学最铁化构劳里6二共不群被周话现她低住产行感达边p最高向说风报八太众京段公术济般意就Ek导十压积认x2Y里住安及影历k除这发么用成族增米志角须子证才向情阶前效证少元片装发容备厂对产放则离很习习着非须制j受值千机家准但龙消我快质可断真能任式压带管明学车周表争生调内即边物X包单N习根已角矿质能长世G去亲zk年给此育提单不些速无信南走东构因G酸内在别样革却引i的需识素法六各口成8连方RE交儿长v说后如眼也安放p各又立候儿青代质工然准每加制给见证q天很利着量低养复用片直而正总油越又4以组则般心队毛高有置0力按长整土万原院为主H做电I置党们队当车王山我影从那开命价他科数问她更会命化些严什整候选4精品再热M世级把想事D太对5六克9v行需比江P分7事厂写总却厂业走快容N国儿g速速开3铁口很海面样义什的P然力难Q育通为目P府厂住n长d统行公水量h划n步从s书W率形至业军持家技hh图6q要斗Rr平花a自约各0当严种验集龙战比心年看民的流半s严东头再学造满群持体工厂问想i工使老半采E方积名规以d制A量行外它复千备比此各地身却实式几问界报些个点结子育很接七研而美好严特必么给全或会感律产员己t达风专型根收局保铁治下H深世G存越张着团从1u效度运3放8话层看LN发级接提向据红率马受根手小至往cT速行条证员别边热离来第二离书来飞党各支RE大型无命口复定照如v做养但期土开四格习往局王思都情增水适该我还层始心取P商气按金况部以长积本参目入体C般音条路体身q包许越但别大准何了M许报不反亲系r传农老位反色越格接学阶界状求许离建民可3温调又连B建物克F亲候报研装千记8原根级他非身它素平收号J且争厂专引把多家原效历性织展面总约军率党又问适门县万e同飞志局资建就圆化些计场J据立难太七整本元是气酸当市海市种确元将q边来些长和通层合越话正书员电边至机格建结技议五飞7象G品开gQ将表素力办达当管群时引明收地7界石大音期基采保实布整公研界但类化置法近进三所其些么联然际问用导天Y题一且J片律小面阶周行明间3意南行业用结候者列后往到适界使次决信听方江性较o质流适存步标十复对d都角走候织把基品我算却v力R十她到么最际越何真花x叫果受儿后研正革越流却打3就传量识适照也口新t于形传将关处候战包战进器石学她打的而完科系争天且i设就形任白张即需难三往平料置q解受须到制高难千民华开W图取精难民手U始至消回段l如压共地Z却规争R本务备电路报价金流yO历气pt则里她儿般建须住断Z空些马结革且z群m金布通三常造场林期般专条京效受个理叫些史两只心却众问劳要查学局列县响教各值写只拉U路lw者单和反张准参置M商许便采完称p问本影开从油老几切力每明题验
  - 大字字号: 73
  - 小字字号: 4
  - 小字水平间距: 3px
  - 小字垂直间距: 3px
------------------------------
开始逐字生成模板并填充...
  - 正在处理大字: '还'
  - 正在处理大字: '十'
  - 正在处理大字: '体'
  - 正在处理大字: '据'
  - 正在处理大字: '看'
  - 正在处理大字: '应'
  - 正在处理大字: '青'
  - 正在处理大字: '维'
  - 正在处理大字: '安'
  - 正在处理大字: '团'
  - 正在处理大字: '业'
  - 正在处理大字: '包'
  - 正在处理大字: 'E'
  - 正在处理大字: '养'
  - 正在处理大字: '思'
  - 正在处理大字: '产'
  - 正在处理大字: '叫'
  - 正在处理大字: '好'
  - 正在处理大字: '自'
  - 正在处理大字: '通'
  - 正在处理大字: '正'
  - 正在处理大字: '又'
  - 正在处理大字: '关'
  - 正在处理大字: '劳'
  - 正在处理大字: 'k'
  - 正在处理大字: '公'
  - 正在处理大字: '周'
  - 正在处理大字: '有'
  - 正在处理大字: '石'
  - 正在处理大字: '书'
  - 正在处理大字: '会'
  - 正在处理大字: '进'
  - 正在处理大字: '军'
  - 正在处理大字: '组'
  - 正在处理大字: '世'
  - 正在处理大字: 'D'
填充完成。正在保存图像...
------------------------------
图像已保存为: /tmp/tmptyd77m4n.png
总耗时: 0.52 秒
------------------------------
开始生成图像，参数如下:
  - 大字文本: 海身品值代事好年金角证而平日党式义感共8按z不律必I名信m影...
  - 换行设置: 每 12 字换行
  - 小字文本: M按求毛必生E还油g当l改不主叫构县农法改须w府许c支实处党种就选打例全原级整强这究收温科便目儿同V所率公产克决统研保权水少写再n二越N选技长h风风部是议证g系般H员她许油两平片因把存适适X6队转结发定委领题电记行张F代回才系每花设立几是数平列决专如半听南品系单业类状火高改么龙也也中争以万组达J更美9即府及形消办结给济统世界京快确机油必去h段r青规品义七可特生天K活光任作z并际受置片么美从石及石片术老J术文局领百完世高机能传四开活近进间斯矿百造四两层为生车两米用身分原把m声速中矿研变产先5局使置报选王性段利周象则达间流得然住金根物多治确来值世进规力完易E府步受件生六表候族资达习酸复多如北样火变引计它验族真进不石持立活实广你圆农及第装便手值规件风你军员商青圆段般必儿两那较果更复非两q是而理U放主平下来边1确交连议f眼集西然需毛条要声思样使时重的量8准文统目术省年面变置O位p向类因W例又见所同问g毛l引院例布q速除团o据处目国之发元6越间立k术了派正方究王也X治文C但g影L压些青红天然心科加所R观界名市己们规张口1E照海1O命平真就存北清世山低业w容处音有四具并名原转各门名及压四儿长圆命把力例表行但关区资理n物亲本压7识术矿号月教安接众成查治米先展式白X看大等局p其例步业准总究领青飞资只空理当快五整身识同体表代结或土质必调设目q手好为技界c儿下机学可听转个接市子么加记严很正变话力却我界住并治v清气必s容本议整况速联集情位清亲干及又无的江京员光不Sg北了九解间不长她教山体省少头么运重市L快算变响效手属性没况科质信开中地收应学但深素样物东象者存8南维题育i分府同门还专型易等何正消干省要处消交z即装者通米们a交你今其龙满义十空并当向着族了们值治议件面量而科X8节成土须维度样z族团亲西还音品如F热决问复它应位半第派N风年加意利管的今基应中包称重千需改路联器更名通温经联发片电红然热定场始需什须明及类动W政口A下候会打b角特验按比用动无en多委共它什正节去史角所今品据拉价机把较五量9干文立5并件市九委八速那克U你o战接素0示术6公月平圆为王音向风切U实来总化管万样斯而知P办周划从养音例K示月备例下分消位型期局照全广斗有称资系们清物世平于半图必示金平没山里子身地知说世构力如白七广由才青数同称通T面且农位已积上系3才4干理到型些求团属十就hU照眼和书经先为政改前联原规备自容中万界生使变族科出石不级质适段满中局步间基w定立局共应志据U为正六程山量革常节关x志院节听A查我风命现E需种资n名节全新现tL题己天化己存调很商联水7w理YP代打h进代该素克该手她干YCY气太民好历华比带间样持品持治世完断求适口化还要市人但手响3团发V1局海并据数组们青基者华响积什引率交回养们7极统青打术整地结接系易队运名就术自置回周十太b复水手回去达断然任心众J标近部三先活联边维阶h头基何M花段物照去断根很何必话进力前信你据圆美在价各至治别下报内采张打格地小石时属林始建R地期去且华众示率本任务X方月特头年几更解如布第认联复华得备米2规音Y2只离立什7文电速交空口把离验y的上节进京存9手程白今有然此维军增并在低料委才我业题五且O写土百话B证展值手响片月委立证政低存飞文s命以0话状场级示满感商最以手器各回i社公十号太N做个规志它T半联府二参按b越里委处深受是X持积产色到交段者真者B已还向想被进小气人马油天入代自际变内同名果做力门观所就指去议积片儿才者型断且权v便给里院Q光取算连给样形住才N图儿拉族铁则以治常队使何完家学型标提步划权较手张采v边料查走值放率再关界能X车领走南风王本l动得查消头东研面型龙H况的起小共少真因影立场N系e放0员面不2组家问特转出际王品调县关须山代边资再界保开流T专实8叫如同人千领决4说温角取族完指把济单先总应完真厂各志别再管x安商十百众自备00太给能A种即习n能元写者出员太光油光办论n写没他S史素速会即使出4效马只子增适道里命火和经业走物战效又儿热存调象说理Y实导6除各被今四办员温便之当知公支感权基商保理参有V先织o影们P今l区P火展或定石少构般办至因五音把采究派有多法必事变还上而b需片i今非着包力记F带rD布你色a今S向指H除通体工称边党成l利被口V离去口二除义传M难法同身心必D小集Y拉比儿I车思c海决育准号清一k型百带Z品影较空m面收o过处克步本用边合复D整品
  - 大字字号: 73
  - 小字字号: 4
  - 小字水平间距: 3px
  - 小字垂直间距: 3px
------------------------------
开始逐字生成模板并填充...
  - 正在处理大字: '海'
  - 正在处理大字: '身'
  - 正在处理大字: '品'
  - 正在处理大字: '值'
  - 正在处理大字: '代'
  - 正在处理大字: '事'
  - 正在处理大字: '好'
  - 正在处理大字: '年'
  - 正在处理大字: '金'
  - 正在处理大字: '角'
  - 正在处理大字: '证'
  - 正在处理大字: '而'
  - 正在处理大字: '平'
  - 正在处理大字: '日'
  - 正在处理大字: '党'
  - 正在处理大字: '式'
  - 正在处理大字: '义'
  - 正在处理大字: '感'
  - 正在处理大字: '共'
  - 正在处理大字: '8'
  - 正在处理大字: '按'
  - 正在处理大字: 'z'
  - 正在处理大字: '不'
  - 正在处理大字: '律'
  - 正在处理大字: '必'
  - 正在处理大字: 'I'
  - 正在处理大字: '名'
  - 正在处理大字: '信'
  - 正在处理大字: 'm'
  - 正在处理大字: '影'
  - 正在处理大字: '已'
  - 正在处理大字: 'O'
  - 正在处理大字: 'f'
  - 正在处理大字: '流'
  - 正在处理大字: '清'
  - 正在处理大字: '此'
填充完成。正在保存图像...
------------------------------
图像已保存为: /tmp/tmp_1axssjc.png
总耗时: 0.49 秒
------------------------------
开始生成图像，参数如下:
  - 大字文本: 高还矿积七可清军收层先7时分率生进快律据织细小务...
  - 换行设置: 每 12 字换行
  - 小字文本: T时自石门P到须力点于军选取使走型所器存事亲指院z织并w例化始划市积展着自角复风西U用行京名太人领在去面广龙角快构书外集受她b华来把压i话精位是关进六后活酸清事除段向还标低s保本叫生土条放程亲往生习T业号热之D千积提其越提太提定省照老平门热A理V任路水矿空w然家书成水适据点员龙完族今华使t圆产包七7走始道备青数提务B走小车是y用门何要共造写王则新打有半h里意许面造系际火支上任消细组族件南空住动C程要指但f己选率过铁青就f观飞经及科及业白发验外z重十北b具n政约相文或装向可革领什等验织权解张存f效c主B据过E没l得向复导细交话解s己里革做土结可参样g土她象许提积复状必无里族点又热t除作文取机T断条u却书林实各们立家又好速他代员长清体公R组压理据想是列w党商保没ez车起花J干音半F高更很较专必而就温万平Z道为改必且种阶因代类eK式小属特长变常x细种技做5毛没亲t农D高目产天保局2发n便种别N手切连便水应资风们养片无白南国一么l层即石B期口持内着向6发支具花照话治布着油例厂体对想听水体气根M次没六a油克性后感美红养算公低持后务按和极长热料L学实平开E名派什权更团三处也眼S造者活型A议市象验我查平包二全度力下众值能府团们民划油成进你发律便精R外G好常而厂dh位两志技新场定真和社合此G证v定那金非及达被m把总基那全十1部得水历商打用直之变报者w做风结圆它动专治织去9口所西段说二较达学Ux主w果示4等却委道断万气族传知治斗组热道何民心器米如定出年织u边织现信多能感何划然界海么员住采j以九O边最老处要切住无商口如难领得观段低身治圆增少导t才文x已国到始入响国A料多员次常研正步积L主系五大提队满安G比复至1头少身效行观展世市果确设决器京率专证只作7较相响而育后五发候治政标广公毛强清些将节则市把中际调真日o响色a权确除强带话受设小物低月放想置主前她按许看报见十合数养南白决许时都水原毛段业属p领大住说斗局G见设需面e委高经办Y受易hX反严各等快题每少般关运理业t西你达海求h立农影p该a设难王大r类专界c众族重单很m活院等局包级L图x明面按关四AO整该克见他县按c门手专近引眼格容增常斗查省则国出温整维水较米最子量术s置历厂低划想北青又持养存其手性引e价相gS许话Jv其须当较九又面管g之近放R则究进深合调精只东力包报7变越根计起结么科J特算据了里通书持断验青明后成程与K8br声般到你张无山件s白具又金W听里代共自之生家参片般U变引名酸利者B立6市现属需写出小间时又商决7V用次验热东厂局部方局把当争气A目万u什场期能何越龙个装装山达i始实过置段任k积在t记i并半办m安四地传通分动i资知去q县面属体准条感石着海区快情算力林派油海严治速运团斯名强指用象南相低加导米联结决J北小家H专受意作能到民农后研安你明过世三研去性图子引建至任叫马利r参开应支完参所收在之点北众照q斗领科v式究音山无度和经人t火政步群放节族合公南保为机现须p门住每然场层于不整断y京省示风结领领走华织江七深认运立可B期保导b革容大只还员样事K果斗状需力解连n层究办标存育信此史林电些类行角6无政作中铁次都易C以可区科着形看料总作听或物音思叫商U西取专经所华精g按们所整参L量解干增半定许展化京西角除内效料金说长便式拉现劳运表候手别据属选活我理了快e说最z制会往研温H对整断研交意较装风系响K不命认R儿必外美族广复龙精组由公时程委列度5变方单交团都国标走新府素2经成长话总作群度建省则0亲3花C话权示入变号深且深交正直万按活定连易子会飞治必特什至极山利压运被X海u按理家连电际满进日保支e特i斗计着身用实件4无领维自达地C飞社眼七等位参期车花F精治矿类历金队先先县并存拉别样统己mA青许县非身标非教部白还科真出场它治E着a把中率内商龙做快八较到调上决角住代看三定当二明面军见使确并国对少想手并老易着然感目东感流三会给见热计与龙但p观数风号系见说况前r长1精改农M回的给置没u的Y百声却基常空每济到列速月统部高切命区华m代影象又劳则数0料处声人众许一治G究手D际历改率步能以派且且文院易品本何复不南a做平大命R品面名无近与东设命I非政由王统照安东单段花影花主电主原场表受精合织5书权你白任b温e出b强7第装色活往价相道论先是因过身个省x农工心制情节多造效积节程心民各料就程选e府张市节务产会要最京主家Q干公节主越白问资后感与
  - 大字字号: 76
  - 小字字号: 4
  - 小字水平间距: 3px
  - 小字垂直间距: 3px
------------------------------
开始逐字生成模板并填充...
  - 正在处理大字: '高'
  - 正在处理大字: '还'
  - 正在处理大字: '矿'
  - 正在处理大字: '积'
  - 正在处理大字: '七'
  - 正在处理大字: '可'
  - 正在处理大字: '清'
  - 正在处理大字: '军'
  - 正在处理大字: '收'
  - 正在处理大字: '层'
  - 正在处理大字: '先'
  - 正在处理大字: '7'
  - 正在处理大字: '时'
  - 正在处理大字: '分'
  - 正在处理大字: '率'
  - 正在处理大字: '生'
  - 正在处理大字: '进'
  - 正在处理大字: '快'
  - 正在处理大字: '律'
  - 正在处理大字: '据'
  - 正在处理大字: '织'
  - 正在处理大字: '细'
  - 正在处理大字: '小'
  - 正在处理大字: '务'
填充完成。正在保存图像...
------------------------------
图像已保存为: /tmp/tmpoadqfrbt.png
总耗时: 0.36 秒
------------------------------
开始生成图像，参数如下:
  - 大字文本: 果a值任直还学示发族还车今看论委做线标成者放n劳...
  - 换行设置: 每 12 字换行
  - 小字文本: 情严府起很象特不目织对增片火运因些K号料律布z报党务p才根体任族们事是形间马重办j党列外好4活工我三结因目克生我其从严近果风去为状L大越头率经a系重效研cx8铁听主理T选合头求声x内到才它收族直出标红适s严政过门界主争感土济压南已求布难导或较R每时事前满统系飞身Z求更如说做常每给信指色计亲代资去与土品子状油传号U定同来些由题无江算第商89感列M不月按值将见务记即油酸小接全史保思号团周队划者开除容政先打求真电e了斯层果根低将太改提上号S实j题米斗八局y前少收开得场回C方法单要音七应动p变样段动对极点住别量经证北年k县力外区验保完b至世算第不二可知快什L该处例省只铁取儿连建名斯业心F办据L好安山f重参气话解O容千义东5单7能所克提回你增队工布史资支圆统有三P提般热年转线h高王专使中行问收少能市越实品社他观社复始院温难E少很出是构何V求重而论3五合律事铁标置当机角民提教它天己b着那次从将立级据发江群特发义公声0学证4识点m报z复越u书党况价代适百展八每资温样至3样才D很省团张成求意现前来S声f列直道传酸交x步没上厂党线清J拉正持矿八资已干在照动还元自前而积派X关能委者千内本正条战况质精下u接当干金青酸眼划大资属往R示现素看南则求类同水光实它和志委口Uct长海温至计来R流花因决明N千济七持复群U青线他院整越复土又任装你斗i专有消土P接目G极它运置你公r段边很她引素种况称员二般W接很2江的动复什石半使求际其性h回查应成性往原H计话马照机解头向象目北究行会感不万3多受不斗2酸X即五九件A9型c拉头对次题行取容委飞高斗照命容江特科段治手开2m院这式到快并做八知名过几XX2包I办问因二交身包金家标公究转细当必之界新四劳段面放难两WH克事看治E部水收委面众红X克报传老近青资温教包效形之种面习a约之管属k真的会证京y想及织标交斗平统改处理d始压取斗理拉候际声很4部8非北易导际老z程易四半斯儿出县去领图1段京4采五越4团少认变复因包山力感具亲识验据体化复结理义般青了委例织3起i几状U后v去出y群积s话组他新七持k广求众选段太县群第石管着子七律济为车身气约选把热土强身定可K选好院大切证院七极每深维部劳qE把声把风存部电外两速适他y增设美运f的月f极精段必真布受2常改政定眼各开月派m斗社品电信工明资H知子你指布证动半7复还长需王完根实5强个完能度得转发集活程气照相了老s头所U业技军王海六儿县更八D使f级员习s共示识治家了油加家头青出委v非心离非性2写世向几d铁查系火g见者面下备f制对响风口细o农争备造思8飞容组才L支深须史内列i按该认离八q观铁联相也却油j运基长十N心改克进月解日省安义系Y传养他南科七总确直文是A应总行口说思实部领加需全统月几性院得西却两文强品参其它用山约G两其造拉比论更存深并市铁世T状级得民大加志何关织象w省放没领酸正现阶心克满6正王其非斯须世把5走元表里来4W指才而于见军空样展造济传系但命常期想作用出约日即K行好g设系多和单调党习活太六件群四边龙力响着目M石合商U也采象委4然千生合更反引属JwC先近L年根X金为声复电到带选书习接算参u机史边准较质好都义复该维任非什无事验单点到各来小价V但维传正按收的位类特子商转千计华并对江格事q本u改y太准所支资石照元更型事但具快劳加样素特H方性好调它海技许大体本山八动同内Kt行认素效完头大养市土生正子二话和rm所青果非然造速做体党实分众话部格学意阶始自M上几起记相听流价按十使得学l次才进SQD完去共声织物律公型位法O研Y斯连也一Y小记想少千号北发真n道面7性流想农书手划程候石数根器权权王流具运真书般际关一6这打mR成入京局眼问理属uN线易分化o际头个q件须界工始参我及下能安查物性响般容月她五精布只加铁要感世有派装引风置Q世验农量u受x度日科事好支白状江光最温养制毛许因民能斗厂国此己主议团很单今要但w花速维到最e不次此接因感委v须多见习行快物目资目适结现南严方近严快石除两p术技广W料号果式包区A府路政华也现话器亲二参采s精产方最Y两命设面去消看即明引群高部安用火较包P电管育j求影增么引影张传习内王不属结量知工级队方给传F给产半PS何些直代7领须治道来加门集想以报基a活九保就局j算但况子年组建断参联叫原置而G象劳制入根治音两复总书级了值议能律才通2b响省立物据起满十t见交是回派度先s多义y论再机头位ju真人查这D世局儿步取别常己联市十业几本示美资育持决变张T包7亲法群才她导感V行做具要没论形任资因光部rN手王际习不求形变该利却选角新F手人实求江眼报展n5新v还土易候真电况x从I术决定候金整值状话又单h前方决米积国非R下资响力则整品重E意收内准号除段第Z话今务法处示民此C方东活却少海为工n也持求最K效把了去带类以w6规确采都习U还我为阶现局三社直事素c或百j位更问约导油知还从持龙命图每克者选k七价农支江马八九带求空主机要阶目解养土q常我把通维品同需长准等想有直给选F教流斗认学道八价住也B运便代想由毛压4论部点提边例条传包3M变状将DP来土动后毛周第劳知切最名山复任京r等求科我作了所通持放使合H特H4Y局原号经g也题名院但使化处度调劳龙q手战等认真研w已备相利意子打红段青外能u成和社眼开法政达认火酸者任实金N义设v局油准开道制军照步起引约新C开我研则比U说区物世争出气多步半运问将积六东强装许m事出
  - 大字字号: 73
  - 小字字号: 4
  - 小字水平间距: 3px
  - 小字垂直间距: 3px
------------------------------
开始逐字生成模板并填充...
  - 正在处理大字: '果'
  - 正在处理大字: 'a'
  - 正在处理大字: '值'
  - 正在处理大字: '任'
  - 正在处理大字: '直'
  - 正在处理大字: '还'
  - 正在处理大字: '学'
  - 正在处理大字: '示'
  - 正在处理大字: '发'
  - 正在处理大字: '族'
  - 正在处理大字: '还'
  - 正在处理大字: '车'
  - 正在处理大字: '今'
  - 正在处理大字: '看'
  - 正在处理大字: '论'
  - 正在处理大字: '委'
  - 正在处理大字: '做'
  - 正在处理大字: '线'
  - 正在处理大字: '标'
  - 正在处理大字: '成'
  - 正在处理大字: '者'
  - 正在处理大字: '放'
  - 正在处理大字: 'n'
  - 正在处理大字: '劳'
填充完成。正在保存图像...
------------------------------
图像已保存为: /tmp/tmp1mqgct7l.png
总耗时: 0.33 秒
------------------------------
开始生成图像，参数如下:
  - 大字文本: 权第价儿组图事格众导点前况商只一应K信列属持使装...
  - 换行设置: 每 12 字换行
  - 小字文本: 机党任o林几大v铁使酸了常保的红即到这装结表世便府行毛展海常再界你据易公程极拉县育热但极集小别事6次以真复区外面R头民气话再M2引业L入党达f向合务须层部选带划位得不V起装联没打体领主问任义格部七是常层于化听号世m教j断二半区Q结要Y正织路知IBR议从放引亲高何心角些系建V队好精层后什布金低次总色o队M个克种自J率具长张F听就育度叫南历极却说但2民示王花众满等每阶难须术教r水D集实米矿a亲马些发现该交数法上增少U月规好关京又名西需部起为自约新阶儿些百没行至管第流存南查小变着级具他群需做K总高铁据了量志住四H什油业现记速处火高号段S年却规o类把验增段原容至具每置发我半样拉压织通样消P标所该技边vS会心来史干求整我从民先里今切因海织相响强六族产上n多要高是府安满料影m技认它天易志次F属候西节细安家术行压于清为王没易少品红量只收新术华者科再B万a1石要论些飞成前型题团M可东亲速离片快革动角列W龙造电周法器相入北精引全X个精由八基算中百路头度须转三进确H常象P各而了手感快证到候红心分分西此最斗A8电接需需也b外商查E火做无管更照内B想己法革别i领下M专交系单等委率时关被市j大始但至月q成圆边中边做相基段权研以历aL便展易么劳社国委信县精V感快单jY只4收农矿除又n色5各K命影第9消意场来第但心石消有军研片京做这不时品今切计务下E更j被看率原导全业参记样石好增被代风表i5w这育识清到与得增十能前场易装同指变上八式wE求d问以管结物走所四者难响值断c头万需物历步km5花8整办改等听写八段交代因例M直存x间最u书必m别下白也活热间号间易2U内L究林类标料进计金小东铁其把任机根克连门行照层上机工思六级运家复新解五格五离民千工RhL整习放团儿办周达眼济现不积究则已本周道构样东地术什争V条边团j们f铁备九道该最位机只领形使b原类所样道后单争当声用A改因七按特此g指做度任P难Q着飞东产水道律s毛约形工量展则青且工持B来行商交合打始节h话数目红事因门热开器里元种术周那放海华连来持名整与位共k听专细律海整议美意事pE市根战正农本l研位接家铁专满报持我或那适计教通观她效农又就热事况到战平引证准得s华电清i大基准程文克可地四收1却统近结两求手单正和厂便什志维们变上整持要史院头较型引调能金际半大响己Q后至少派火号农响公据行s例老九平见道变际增资6素i历深则真上消战治得情二整说教天d积说将始联却酸成东她习层时音声参或政速七压n关队规风列半R指能家和交等由照十严导节联高细期了进7矿该质通飞速机结算毛j件完即四题支7V制深保代去门6在须其方据后节示发况价员和还变M指技管何Z教温然积学社去速家受土边例属完r省才K政一样社W确二治的能t水快指即无酸新山构商总却代能类那机元道二决干布心着F广去县圆消革农才引R合求Y7由式因目直MO世和气许温接7际第对身以近门八任从史许再法特名断商本适子层着做连最火向属记省党且FE使2千及和拉期律会还酸起比点到八音计况状c情教进色片产W种P性产代话大使了今处引e军装d满般省情基只道花手片气其y原被而总设构受置持使h每加安6强许影没象s单响但油四义又S术整治色通速需G通法品G都治五H开品体采感西才积布备保线周报规较用W与ZU民指但真积制机月议容联i安高界族就面划自革统处段些点军好火决周实切府是都行更山日即老南线P路代Z知提变观红议收革叫t国严去关活志的声接能间压生公方边把物情观百又k去接术所快革半记组快两电增低有石叫运就农响之快K世准断育u经去农往参下在g非看思确红放给用局处于声特指观克上或解期战建时经半共统业收度理东B革据才QHX王安用提来离周院行油委五况公较好支千响下Mq选场7确清选布地车那Z第音应志到知把条是天精需第队维元多相验平华技离处论示己治打象想按现圆压权使少将研身下领1子般六无史回色加每马花角市感变约4求改头h部统四经没县克1y更常义G道消整拉持空况世权相组团条T量红知一置历记算定具期根它我形离世过场计为离机节算i为报族级阶还N据周重即断些里主以真处算做新本队温毛始红K内千动般影见交门流值m价证难八3深西易成院易委用知V米被率法京团务维千及记自线规利题书据验感团象音题回看第时高受个该速深军难安系断究实亲电八火看表适万小有设争参术北Fu传目志联头U步参百热基律主相天物离技着由压场今有支眼率E习设要话j争质o厂改下写战受内写性a包表近本y比向响办PJ里无天内历北定铁于族工北干治行达声月了九I矿干传至元便5反见质整直规变土利权料越世节经团性在C济导去酸究后调象持按还得样军系克即算V四且通合统点量界提术保示期素表么Z层件军素置立很速历在c分计土高取第眼然界明派上几资打列写科被气工两周d积jg精少n非心2目成分象改西变即铁工x半格细达车教西直采研切型音高除参容列l活构支那已全活其t原完Y高温几快写派成4长花7n红提改此程发也而打十量油适车光群合工算型给飞6现题性例任准列h飞较问马少不通物圆每何权石些王UC深真它小很行权e用家位年参V需然体4样Q构国听e部g个局圆政地西其消达度s增务术体政c习品7角四而增北争f这基论o行式情主f广表须群斯引人p备E到京本了极高门来议政列解科按根业极现效律及T率我前将长专信我个我门青理计清历周使行位形根发s给角E被包效的治F看通清l律多口派身度思亲二段响近此确心心备公连队走术3比F直求理青适般存空选
  - 大字字号: 79
  - 小字字号: 4
  - 小字水平间距: 3px
  - 小字垂直间距: 3px
------------------------------
开始逐字生成模板并填充...
  - 正在处理大字: '权'
  - 正在处理大字: '第'
  - 正在处理大字: '价'
  - 正在处理大字: '儿'
  - 正在处理大字: '组'
  - 正在处理大字: '图'
  - 正在处理大字: '事'
  - 正在处理大字: '格'
  - 正在处理大字: '众'
  - 正在处理大字: '导'
  - 正在处理大字: '点'
  - 正在处理大字: '前'
  - 正在处理大字: '况'
  - 正在处理大字: '商'
  - 正在处理大字: '只'
  - 正在处理大字: '一'
  - 正在处理大字: '应'
  - 正在处理大字: 'K'
  - 正在处理大字: '信'
  - 正在处理大字: '列'
  - 正在处理大字: '属'
  - 正在处理大字: '持'
  - 正在处理大字: '使'
  - 正在处理大字: '装'
填充完成。正在保存图像...
------------------------------
图像已保存为: /tmp/tmpa0nym_ud.png
总耗时: 0.40 秒
------------------------------
开始生成图像，参数如下:
  - 大字文本: 身规员米型真则那信再进道何T五B明快领转界律象极...
  - 换行设置: 每 12 字换行
  - 小字文本: 可及温q度全据经更意红军决1子局金接c9因专平这办文报现住什存活间g共求行机元科状感现d离火道mh意GuC光水b的反切者S名n成别二按市快i线号许少还层动p向B部列e现做且酸有之情学米门研建度响任动yL料质3资A十色每引众选往相学8完声活照拉始p论今县命周向反争根片0子行亲线导走林法准验教始老极T边斗达选k例进市式究H运山约位率适车受c院米太叫个带上f定R候技识你型员v正必作据4么选政消采已较位江育包程才列片全易行千集者器应边利非常亲D便n通经具K儿白团改接布其面声引组利难权统R法l查龙问场子9干用采律气东层0内相步社有线大名始手更安她京具话飞y支非z毛利件Fa想次m如住2数改电z值争治最快完矿近土风1给车出科器决j点白白对位局小影主矿场g技深海际d2那则改观题场引f理清装最在离断品着x名六备半正斗往去把步导着面f车h路计复化象后总非该压好较全1空果感联大类z成长当p六是流国I速火l开张性义革红M报车A商该本小眼以来改mc快者结入把极F器完8RbV采级战之风果及重型开组品PR斯L非却定交界已认例共山采些已战其e指放子上法教离系5消消容认们g军至F美温列收作无开p出格细列联去件容L定hB断工前天集人S外音T是新查派12养件始到自数律铁运场满节外听青气音角手道G江七报话统复先界形今三H七好提e看装X接证条场民着按价i风器家7光得表层好历快新确西二议们Y克它四代安h料iS入些土少实结可好因需西参年数六切二p分算别收科使Y件二法与资速查除着相米速工步La土此才先般影名员3任Q实证式理今从r9铁管大亲二处连己全将专文d论期办做级设提知周外社合因红段科F转市计传日自得广月层府马于义单量边术把干布流林气支速加较精其她光局力X立Y名青引越率产不调出属最G前物日专活K万易保际没学教G现角权科量单光0音Hw拉起必便水资基使大持型X每性Ctf带严3龙年如月山物6维律o已连h子斗存人A期使适合命交O海J出重军先强用史往据过更力x马办中基I基时且复展毛属值见象d矿单七比NQ说林想争十斯快民工长实候太满了和快参科加节参处红号所等际些支过而i是维样于下已六治由3类应只越县会好在业其二己u儿际也开已5体况走斗增条指格青共记s反劳主可员半张型下市难有约种至O活装织发么却回响百压市最9它至们文给队S厂u南F则自史根上高立4空知和维研从积好后少物五为图无k转全领周强g都s成o发通治没关e毛角和很都整算九等电此委快满特t可战期政提与参者Ou率风真党因家已空t表积各眼七门中阶后史马过海斗Am比先称维向二京成数空提格规起气想1完证格土m议着办青因写此维运眼有又二个广历下给L起节切积往民气向商则体电l部局单特立矿更米许统提片他此花安价分近里可年现受c关便u果她史口再联温统加按查先三M又重土打出状相们事样现参志通便叫中克口叫复更用达政万不须具管F制日证O约此切阶都然八程提又进条我完广阶组好们亲响细些场支层究龙型式就节带严反阶情社把程压矿矿据少劳R造议选林b能民的以于有第的必技o多管土t习长命石建他着自取X0N着况j划该X业十委任龙布气为速可众社接头时强给业和E需n引验矿然或且p开音斯7生速包白际划难响只种管王再长G素清已集见具长0何起究飞观计o产你化T土回清装A员Q0理象空约适车x划格统按该4美极例明更d列算率七并始长a受眼事常计感所集则层D开的划金民理同h新见格己多查上以等应称同你i运次将容月路政几达北确们口以想以儿住边改定持张常t海国来领J保美子委难S任般新1他情称圆社别了电调准Z做世南复级T石地目容海H解体结党得实始其领在府快I构生性料影厂表做儿M学高习g速西管容大什书元所保道打运主么h次较QJ引等体场拉必8长么发族应手白样起里须有成率十林目不该化R住候它保造定路空己毛起家济住年油2带数劳却活相么成区参准国且X少类局般家确维飞许便量声只构强以发说B理温特山给快P无收提很h阶流参持布S类研车光而海象术整反或质没油者JJ带位军养术她利农段何A高除问持活美已写具从委引今外族置性许器数热质安改起类反r院0一它YV任4万向带其于几z示治路着把活候就京向转或值U低外A带了五马向九间科场比单专现风立事亲格前才k而习y但领后厂平处机从事民重很务报路日行子断干列流确基己质铁口族联通压确却类长际报容头率天最组正结间报光上Z内容则存级员资海周K面明表管8北当属土声斯厂y设酸面O而布于下X则解火道O表者交样而出石值kd业采dC关快因断发学型去部队酸周现X数不圆克油大金分如地加里调层车道数业得正集便发头的处写越山己将什oe文类近史感联计世压亲天报管建完她老长最其这放今起县维史步公内这全西领色给铁南角于gES意出给路石强声总油北Y照造文还S机5起连但上义交上将写处信条于术部西领市时太技带发sY头研被周或自O方边山们无j因安期养现采明O的发火比规发光zT东下处F才y适l原打飞查题拉认律片达影快太内查强质c月u5于走候看格风育事l南实定己设响根党过体百V发最飞放江实即以a进关该口m至组识条华制都提老子子标不清口而t效步5一本如0管低养次身用B题来万3确王还使少6民积确什派变主类又传儿多类音要适拉布斯品争问商较快关1很提新小加下至进民先小工除持务近放等土d单至a政即他加合发以属反应器需接验通里提r运最O带儿不值k角领3小价重完lJ千期消整连存长一规格志四党段青金共飞6名名放h存任矿采改便到党见
  - 大字字号: 76
  - 小字字号: 4
  - 小字水平间距: 3px
  - 小字垂直间距: 3px
------------------------------
开始逐字生成模板并填充...
  - 正在处理大字: '身'
  - 正在处理大字: '规'
  - 正在处理大字: '员'
  - 正在处理大字: '米'
  - 正在处理大字: '型'
  - 正在处理大字: '真'
  - 正在处理大字: '则'
  - 正在处理大字: '那'
  - 正在处理大字: '信'
  - 正在处理大字: '再'
  - 正在处理大字: '进'
  - 正在处理大字: '道'
  - 正在处理大字: '何'
  - 正在处理大字: 'T'
  - 正在处理大字: '五'
  - 正在处理大字: 'B'
  - 正在处理大字: '明'
  - 正在处理大字: '快'
  - 正在处理大字: '领'
  - 正在处理大字: '转'
  - 正在处理大字: '界'
  - 正在处理大字: '律'
  - 正在处理大字: '象'
  - 正在处理大字: '极'
填充完成。正在保存图像...
------------------------------
图像已保存为: /tmp/tmpgcanfyid.png
总耗时: 0.37 秒
------------------------------
开始生成图像，参数如下:
  - 大字文本: 置期南严身S片形利B适型律务山是表平王重一作也毛收Fc这照半...
  - 换行设置: 每 12 字换行
  - 小字文本: 收单准圆U级委本记和九直数造定X备当解看两指技活市没8众集也加等aj发除往但去市五志片收阶百确号次而本快再心中N亲划产可理两江收造T整我属划强快称将当信规目复w约层Y准打据通特F时开场这拉长果史不立南如后交克积保风单历着斯号今数证指来所b拉9复江9命识zw设压列见个条好方化什声行十v何代部例万下地者酸便N下断Z参再J需行将X者听方程习水后e是A们效见民都cD正程应Q儿法院门技家省按影重计装细真备状口各九名级格解水v她务但才飞非明类的三达支众真查具r正连间心作同山q向十一四经复手料战起步部特x头极第界火起级开林g线七气地一南会飞成据没手铁自道指和号六目位土先持第治少两事I这与领事h济Y得千受音质需存支大带严新此斯团律切名存六性器认小中何除根料百开半千农复质些较状斗速多即由内到展门新程全m这也花水别生色收列学4转近平那件时有至着命至先政料各进亲维证米酸生音己需复在状型社她题种万T道几入次则复国多话为第点量省半由政里队研相如进M前话该月低实可G保不求权算B民市日实民表院比交风越hXFP1龙量8权带j农华选道又那办消大见老收V细三布G间儿h十造L具省如极改样家K争八严新单果改原党水去几识外毛事况极节同千采省已制向京我克准府众调周说制响今过持百亲西C许对整s个物文基三N土感又说院报例治口L能业历志族最光争色生地界严头况种周第物头部手写阶4特地情使真备单用门见新斗确处总9构太j包什度会候V县你六AO列么办o传采保该正还近开步知线究自知越素受土林军建大该团力千育区法n反队用少f整量f长结红应族千特美开合县技律门军划满油n共O为相得新复极置第委如离复究料没集6结外社s格因什目价等技快亲面连任色听部地w新而织口如传9用见他能说史酸器o5后n火太矿联不M政个斯目展角转始联和持程况器技按示nKP铁装图离革严也完效参集例得解样六象个高8因查量社斗小重第五能明时支备力证c生管大划各Z几r响极后支指厂be细分严活接八型历路算同c日j何你料出九更决得话热历土二四联利史用线D是认战因建北林更C水到与求周就林回布类作管花非毛条性人75万机便商马节克身老准意单完报备织z取飞意收及边i正题学大志很科v因业它好准眼问自s组白a计儿4即接进市u以干史很d委交事叫斗活内h化E团片z易En龙进二布离料转识起达品越强比值资头见同置人百指且低理它六身z史反合或己新标情济节用我n北形在适放少严可就层历金也律查展s圆作发认华道解类火已则构调受参h温话于特今但D被声少对d严素历她力化中写支口节保流作两容斗除利接联权发因然样ak最深点员o得再下了识F制学斗的十史各油叫里导车员等义工律意利地o满通自统济u后第7关外心学门民自南维律使应和两而口王证性米又W根身料置值低西团局样按线三思美7计果身先列口须再况将V进北会住器F极快住人市老二段点形入究产山红及称改战法利场半受除从z化安s便k打收影关马己值局j家Q适写i众间状强矿难心s步建类厂离风发说革节争o感时记而T关美战北清u应Y则基能确矿界队华口己包车决器厂始电术由6来传代联知应节各出但我C式6资张低安以度命己太象求反Z图积由文江问今元里权例但少县县因nTZ料制下装直权五4规N象当例将达照平六精特形5金白少及i海么路识并离便构只么不军马听C格工派N声制其层程关划产设山种问民易然社从张那根技i多写战代这张j物满候变除产称本边六8复联教类片团在式关思打何将AZ打N称角l满万角劳改命调化商济0B命空半运设局率专只世系确进子书1个Y在用加军集目听同关传养5之提代政并百受空指省影变变交才流张难二p音a运F族矿解手支电厂1际Q只h动义查非快所如始度类听土话马成省严交角海前单员权何组商拉本把入南又u教比水实身要二面江圆习资需新学出照近n土业取那干近义花万应始我性加kL那她点行几提属也无单二D并设p族圆清想c比等委南响东两图数中党县真j器难之C完京万一场被体党林示往L近那非型化if极力国观u如设技素就开来生酸七斯低给世满西算书千听律次各收T写S维查用这x关路子身选已处革参k红场V方太传当Ud史拉而其向局阶分按M真5子低压离三接空半三量局Tn别感高三消究之边法N们科以水象响六决正U支那问还基政和去群拉公交物号业面为打山联S住例提如议老这按还厂6入基维斯青的X难安革太万按称表则自合Z转清路历力厂原也响加自百就部确造打道机张做千说指走她力住共f民想j都听空不须县要对这设Il花何回运率马件达太位条育f反专水斯队一生成进值等天快省她间先向e七农们和多素及民积照民象会说争计学就断党s院只tk口些较三由这放入火越战际议导前教程9毛称八量斯bS却飞决小文主新化属中对比角行q话个年之战热色N时般么关何单王速儿非复车立律非立点明离来达许声器M值六口形主南西着手斗史学Kk小热j热场正置历决四音思走没安三华快发按利价京l高那于处I育所别专研段整研原识G再u说特须确油金6每GE子做为片金至没研以王动采知又收两着g价受省与0u求Y改会个清根想林易把它速月将市律Y阶压型但制叫白金南感务9W北况或至表进I种具十几东单正领究效单形周文太处写亲叫接解到完论集片老采矿Z九比阶现做现五流都Y务线整第采的rn太比知复表们放1统现2认斗年为层面工9十D6正研2集体王前见样治计的应正Q已阶较准儿L式l史导么才九群红复气率期育门习DX主思儿示车采们己K一较层理质干手京法全提好山老利运界才O容具复
  - 大字字号: 76
  - 小字字号: 4
  - 小字水平间距: 3px
  - 小字垂直间距: 3px
------------------------------
开始逐字生成模板并填充...
  - 正在处理大字: '置'
  - 正在处理大字: '期'
  - 正在处理大字: '南'
  - 正在处理大字: '严'
  - 正在处理大字: '身'
  - 正在处理大字: 'S'
  - 正在处理大字: '片'
  - 正在处理大字: '形'
  - 正在处理大字: '利'
  - 正在处理大字: 'B'
  - 正在处理大字: '适'
  - 正在处理大字: '型'
  - 正在处理大字: '律'
  - 正在处理大字: '务'
  - 正在处理大字: '山'
  - 正在处理大字: '是'
  - 正在处理大字: '表'
  - 正在处理大字: '平'
  - 正在处理大字: '王'
  - 正在处理大字: '重'
  - 正在处理大字: '一'
  - 正在处理大字: '作'
  - 正在处理大字: '也'
  - 正在处理大字: '毛'
  - 正在处理大字: '收'
  - 正在处理大字: 'F'
  - 正在处理大字: 'c'
  - 正在处理大字: '这'
  - 正在处理大字: '照'
  - 正在处理大字: '半'
  - 正在处理大字: '克'
  - 正在处理大字: '率'
  - 正在处理大字: '除'
  - 正在处理大字: '界'
  - 正在处理大字: '器'
  - 正在处理大字: '具'
填充完成。正在保存图像...
------------------------------
图像已保存为: /tmp/tmptm2ly37y.png
总耗时: 0.56 秒
------------------------------
开始生成图像，参数如下:
  - 大字文本: 料又最段经名千织对持北活复资布常动下影会派改消快天最别验度思...
  - 换行设置: 每 12 字换行
  - 小字文本: 广公水共具去解老求县号习切放器于族么人维情农设团料B身精很想平精亲我力包特写引值圆好根儿就统程八表就布观两应业问p写几铁书保较市名少法本验行长u世l权术级成酸y人保术统连5家细从示d做号和候必6计么制院也备Q就六表往造表革至流感地风v况特利油情部打感世听活感h作观九系管广果理由该经e实断战除确青x影张江说西构市线解温响七以局风基使同保深记会厂类路数们直况要离划间矿世理马表京铁有火满率习思深统保只I状革点你Pk么几养四收活发斗义际单人低便存叫新示起取世研细青毛安指目思加龙众会6最务里造第先化老时面技声般资反或I派步走体关安法w1段压图型e带0术思地真T当等江人间飞这众流强三L争整且打候百路有子意长标没P关单V群温说济作规论感包温因很县至派维他其构这片组性特江ej至决工中音放u律运而和许O月产面专6相此快己行确S走构光受人构酸九转问自收带信都八号认清打交况进六影温精同以毛几设育安D上示家e里铁市品识整真派应人x单在eE特高同队展最m处取商且化意斗值多究片更命离走c放本自d程至先斯铁N利半比里按革问领片想准家育自育管置连中办可知UE别i处四水京门本体白直千率是种交f型性音难新水根级YT选长百成常速容h而车v华育严得江产应过该约全型选出场些要动九最人l看儿3产金号教提解斯自带光积车县她力看l克手半n划思自保亲斯子G委动看到常教华平性光意t值技西联铁新参现六组气再来九还采48AX世采r代表R写整识见化作程必做向于式张文设接外性格积清程克民东儿备林报飞行子行太d后2中直问d影就须当上近件与型X容子本的子水西最选带红成量期院Q下经那矿性听r石低原元科以此l口市际育南更X验达及国间感主了图m信t构有音务一位a听几增容酸主美话Lk4五确Bn品酸线求带起活动成p安真传接几N格成采近北生布新造或装难l界场没具p求相一海老京量直义空易同日基明F好所证好会应g须小族军包动省以用D运越次在市己N济线现H种图事水V此织mT取劳7切z回包住种积积农当作j新且铁写严自特交能队南上示的必而员体深更把区m定选委点文L号受L周低花强构世四件更过至者史音门际方切生于5果关收效完社采求d争万F毛向o情就后油当劳体就更确证节却表界加反向领道四里史联得论j式斗由了家话和时天于a复事力难器识家引线近们称力方展作你由影格员划间易取总H后证里动为两声角价低响光头八住都般共着号利状习王发路体带候前进领志管打特专专J处劳A边儿W说阶山活无只历明记被区y算完开相期不许老则电当如铁进意起社别化易员石布比现织识况k权东2i科列W起重情王说报影利些果重如q4gv应及对共相又然江效新下层京六组求近特色技O速或题则目C写或消G况g式重件即包图X示世o可政命下象特收K身UaP军种象酸示通c例接育性属重则z水管近2比流Y条8j群万正Ec江公代很近分带事除全o装中收低等c王Q自着特转而Y命加活s命D强J写原育群织地器传体步江个六标细王形做则真知并开光经L土作历儿江查Y可V管步需到个现包去家很想界f着个公r书部Q历六话产6K其其信常实府业千报应素包值员矿r常C段日与当集消干儿它受八的设保书C派精相全指争u光而地w到开八率着增都属资定口加行土jz平p越空性面火林状放非么住太北并劳力政t社众现jQ争元劳解8革4火带近拉低住去m组老王科6四记F线E维造写发步共质算口法关热立包h消石并和段事流较对值拉表易保及可备维到代安存a段管几矿同带Q象几这Y而千走四已采品好北的化你放量人信广多技面军c身感九g将共许见带联社制海规下斗消里广观国n布p收治再文专ac算F容很三而除直开k且号况性度到等年状府领头6速取R造连的论教统很拉放较身积S严面江流位众要火要见文容门来列v花才p干得元群化复形外布积矿去入两两手外月2属确O张白场展山S手放建题么GS约军看工D华统V达劳线商火第回全铁引利什观需教起作直论类北Z3律权消受火但心法不C场电众三造生提F极还整值件即目火度内生道强系W小华带按自省总水三办队火满六示它万话却p切九快S离e又式建原提路说形己件严意好易量叫水火因据性见记中样回务金书候统王派要维3群连E安命劳n现亲面界领飞主利6公专对表选片g体江离命少把感备劳往其如6马与水如较5社听间事你光年书叫几取Y有包自北离感立F分道件分d从间具除江使我质P划作清据f存效写P这任体体标解铁对查千O原价队称学P温众已又所率报调U于式己证R实越米果红主
  - 大字字号: 73
  - 小字字号: 4
  - 小字水平间距: 3px
  - 小字垂直间距: 3px
------------------------------
开始逐字生成模板并填充...
  - 正在处理大字: '料'
  - 正在处理大字: '又'
  - 正在处理大字: '最'
  - 正在处理大字: '段'
  - 正在处理大字: '经'
  - 正在处理大字: '名'
  - 正在处理大字: '千'
  - 正在处理大字: '织'
  - 正在处理大字: '对'
  - 正在处理大字: '持'
  - 正在处理大字: '北'
  - 正在处理大字: '活'
  - 正在处理大字: '复'
  - 正在处理大字: '资'
  - 正在处理大字: '布'
  - 正在处理大字: '常'
  - 正在处理大字: '动'
  - 正在处理大字: '下'
  - 正在处理大字: '影'
  - 正在处理大字: '会'
  - 正在处理大字: '派'
  - 正在处理大字: '改'
  - 正在处理大字: '消'
  - 正在处理大字: '快'
  - 正在处理大字: '天'
  - 正在处理大字: '最'
  - 正在处理大字: '别'
  - 正在处理大字: '验'
  - 正在处理大字: '度'
  - 正在处理大字: '思'
  - 正在处理大字: '又'
  - 正在处理大字: '长'
  - 正在处理大字: '分'
  - 正在处理大字: '热'
  - 正在处理大字: '地'
  - 正在处理大字: '积'
填充完成。正在保存图像...
------------------------------
图像已保存为: /tmp/tmpb5m2kopl.png
总耗时: 0.54 秒
------------------------------
开始生成图像，参数如下:
  - 大字文本: 流往此明争列g热话回除也应力产作共q们复0单快响于Ow工圆调...
  - 换行设置: 每 12 字换行
  - 小字文本: 至张反总声青E得学业If般心打性为包物十业织低又该资mK列的清因w问干I中世极争具题质大机住名头争入华细它影器马H接元政g议立与好R保选都品实根严入说效如石身V物条同Tk何义现代团须将放南矿实计养周拉k生老展原思许更多外民石酸用气收适际量眼说识后易精长意界价连改照美证5建不市得提切对很系如始的选本VO器今百派交称n今此参般府进放电意把华深决理也性系可变华共标十半aP安调县面调必格见离w道众多两容经转对细运大持当一在a般清还统红是空提去内六关验Z单两期斯点太何可回收区按团Y火本切飞铁志B究价前查计支增元价pN史何本任正单q得u它拉维然相离定清争t入开省技可北验市c大j规流群运米件万在F改行石比除信色做别处世经t根属传己建研去观4王物少特j知流使照例方通前才积A体提斗且米了做建水调为或治市她达8可西科热速单示军装明常科场组也济毛候京十队没据e象知具效民资称权比立划机集快引提点片2制高据统没斗会专去收反交除的听车它林们规林清各示保层响所位1关小n族O作日织矿往将走照议土这s次解打何合西己育4区场世造千中进即手传他十史几飞部间Q无s力示生规拉k打W型求公来自太之L华决北立指去b把离党社元段被我压造级己算提议报提多格样相在置s只技义机易F分习山段fW年近即S集空南量构证再数革已观风点每系装革断者见x直管说发展出适作很方战军即市今次自西六响半十族队次月亲场些没G前程七收平度义子率持重土Qy几来保收业N年选造治了养放立可性必系提研U技规亲阶学花民农北解照器青干头体效至主情政统至例飞米九u料离例维音十权风造真共与X验制际清别受I使问向b称建感G叫周万西教引格A直连位交f习状于二被每备离E厂却眼月清集J回子人直具月qU斯族选外导细受少联子素今政世感识三子数2口改第P例龙为选需县育身厂层必真件小调T每平族面易者金史便给般除律因究大约等新每了m权属1军许立等周们成共养写圆近生直该月深天动象复率导基较O下音济声安政线科际话再ww专九管l回数群住王重领应革引行结图织们如争重领取圆再运克头是N问交头明年商她他法9队h元外收型Q别比wp来叫采水y不二根运Y济学元越则六务走选U例例到导又便P住话众是从增市道名任但想o经非派何改B水海则飞大r亲n1族团却王府克他系政金受主东转做般o形与组酸先置方近类信十i还养红s应家里利机用么记使照C华周次队不团发分音音却质花都件准专传成规才定元理史美给至青保约0县车外本能导建理没利A土那根民易出还边区持那保小知布使Z现他示准关C手水身由m万了给完我后线程写q个队确面感他回两得清基们济严记导应个按立S构响划9经机快q保在看内就x格往解率H好理步人象那至便自半a备万系按写保把才政性温文后S门下给型矿上t如g养品清经时所例经k证S而亲清组团条类证手造几听z观家南9K志但取上史西需ww得要结厂力决生将省市Y何d然八备家由提间清济但e来量形q别第开深了发机响口b小人H的天义会中极正结深将重经是术身太9等进写上k识流劳话王高东Y响万共构素列科级己半月3id局采造原内于R江u思算正进多片j子多铁代界切特原志往p很u它原京有设并重手我已e八心万际满区小就对化铁千斯商改而增R广油议何s小A自共志动么并水全M今还者i平7这问都后消i单党转低b米号v革中林B三以给从分指上说教受据我周支业0家青T几常度记利权求器九感相查AN劳者委t系本理被3适月格个信程在压响节外半口小关打运口别使c团史度据j山2济京际路常容知现力0l信干8适干包但马即置界真集活时v得济志规公理关满院军军根列头现经产维强你省次次例点t段向变型克行连东因更共南一律与相越族志满快周认向候证6组县中厂江6性两听情记道候应满进较情约认是f器行备红流2然可容所战易马M地面向b政Q保之民音般达色广角准法整级V酸c算才感于争定步厂况王直设了着外决形六商为S打观始受一化光酸深色f所国音经确w实C越该至3反海着其果全战根满F在写采究难及常局志人广叫解写如引p体格少来6斗市更厂原林大候影次决音数识N设般听自已青却C按级是V义设yk步克B加京须布张县真没圆世事了N列报效查立表起管同治设快更级结断内律Z调样更方提眼该向压原6海眼每农n想数五约N经再也先口快如走市器定活实属集历院队全边实率放省4消运队自品干国前养南活亲便百7感百周社领军表人应干王专世并据把地速党消山认zC应术月到期心了广头天北发片天果素r较期化完义
  - 大字字号: 50
  - 小字字号: 4
  - 小字水平间距: 3px
  - 小字垂直间距: 3px
------------------------------
开始逐字生成模板并填充...
  - 正在处理大字: '流'
  - 正在处理大字: '往'
  - 正在处理大字: '此'
  - 正在处理大字: '明'
  - 正在处理大字: '争'
  - 正在处理大字: '列'
  - 正在处理大字: 'g'
  - 正在处理大字: '热'
  - 正在处理大字: '话'
  - 正在处理大字: '回'
  - 正在处理大字: '除'
  - 正在处理大字: '也'
  - 正在处理大字: '应'
  - 正在处理大字: '力'
  - 正在处理大字: '产'
  - 正在处理大字: '作'
  - 正在处理大字: '共'
  - 正在处理大字: 'q'
  - 正在处理大字: '们'
  - 正在处理大字: '复'
  - 正在处理大字: '0'
  - 正在处理大字: '单'
  - 正在处理大字: '快'
  - 正在处理大字: '响'
  - 正在处理大字: '于'
  - 正在处理大字: 'O'
  - 正在处理大字: 'w'
  - 正在处理大字: '工'
  - 正在处理大字: '圆'
  - 正在处理大字: '调'
  - 正在处理大字: '热'
  - 正在处理大字: '书'
  - 正在处理大字: '写'
  - 正在处理大字: 'Y'
  - 正在处理大字: '声'
  - 正在处理大字: '文'
填充完成。正在保存图像...
------------------------------
图像已保存为: /tmp/tmpn1hqfl5i.png
总耗时: 0.24 秒
------------------------------
开始生成图像，参数如下:
  - 大字文本: 八见且我么Q联山织本书准称原革个联层消保真响l提属九看不合记...
  - 换行设置: 每 12 字换行
  - 小字文本: 果明决能际国派认起把四将始任外成业e起法历片置广海类s所制准量价长没始组风要业法农务天包去我把手o安转后y比织或易会采照回价往R快过T必太飞低d结其好片好P老形十效都道做yO是平速习团并会铁才名2并容事完家儿5东清产C进路位作v速九度九根统党点满单无x至利般目上周增再公一般6劳厂为到了深法n育示机消I称e铁各要原身他相F位还外在当次用效J亲员v十严全五直近E全组金风白布天还府还体识山体指不改革支改土等派族感面该对准感图K华确i进线导其百很件都J边示局温带G象2多里统也表百样较e圆第代律争P反学J须A指先克个场量习权或细质合商可众住总代质矿高万所各专术干P队高给v求习住实方再验你写已X维达青s无美口区元置其政与使达打总品科对料难林n第价程世值青共置己u已决选如族中争接度每当系社准细省过目当都好入便权文标Y见团3战单它酸铁许面f划数气只车积率类记山派做如接么派象却p活因发片许中样也省说事件些科如建南产走资在作qX二领时知知S般置就w参少义什b了身表从质面养段包究外局其别有a才变方放化些定入F只O由去门C联治论Q以火政反解马到向几动直料阶干8片东确它月性铁只事军消能导事革准标志级明场8机细构特相状水白们持从思办比广y一果志五严百e业少道已达人写具事权么几系厂元省问取l受向取统求己回广包听看手色织路与风效q发段铁产长术离要成则T机状有术展复群始流结关她铁要F表正或农济四统土林为组儿龙着Y性好别包M传称确消则许区义酸越效作门外角系查复书照金百知习最6通为叫无化易布对步教市市再较周我少应会动历真oD人合效具克济才究带证都着实须q除构与面省S收按很么组解我近走持拉u产消m公4斗中此府华根国基去才眼西一原八体9样M响道号院复精书王也委经门住在元k质平三价认满往R学群反构R需G石方的b府三就声加整们该前油清术Eo主都物机f更广除层状提f研中起争务果花温色第也清运走十报C火点即图人要如这节取况亲6论且铁命义毛资群温程受王热在去青问界需建需求计中面Ul据正性L场组江际心老酸的Q问求里市音们总容农志下权被管d织t细养质引济起常难回压术向断她9n间来将南府t计每电具带热M龙I如于看完路机别张有期同则X万本B老1Kg需实O斗i转社感办县知思连回开O强公数什地g快D院后些认它市说4将我E没地y容W起才支发划习研属参备速义进前院导现况美里走清土层边都号c水K题s步分性五样场热指离存信又J较O安w称Ry他3特收该说段数Z先计行什身x现市O温消识在正b海着体相同因研立组和导导传工4入相产例界q起程信片议动其热四用建好问7第先更的质区做m角电相2S严众门已称八号米x持属v面布o机改位或边u时查打文的革习技快已片又近科叫正林S作口即于有数易和者B之向中酸完族再去亲上政边除何省用油O美知h米书大做清现已八五t资众验天前各千里分它1月识世争就何区们矿类规s议们织进儿方却按米y县下些包理少行展第果作体知应着积将问任算3起最报门在北气连意素m分共B构QD下史没支按身技真论划毛8里见正际例S设w化流列公电领切先社级较题院山们统强不生备龙种空比不再着住目走3对习集二水八果持何处件色议间十步应图地难九里r入查东问已斯z达化想支p此条题油部这教近示位入四龙厂历接见局议低小东导最见有s计斯专很运战意满实论R这由存可金国求其是被织元面器方运革被会电明也内提干比验s半及多院布2色就周部Y下传联例接qa京组那题严风因通八利叫处采在低地应线支北保备己内在传速制完强新它型音完造号里花住没用照R通历江ZD处才积应制保各Y都千局广作各性例反5主才表写术解日意段完什飞了究党已说状音家级O干决音信然n部是派族1日实构强节太N口色义b手委儿要接V备国毛一打出头他确使世无整说格集维建就E但观照即往增几论件U状九都状内组亲界次厂效将k么她动车或示土政受义目除织般却非状声能声商几达张立最局议存天按府决社里形达B学行近目Z权群研L题没Y表这儿性回习3引化还走共Ob月养W两接队金口京府什K电回传步对需u结级地容2些周例特系般例证照质上织思低马带标还织新是张Q实山着却成该期边里定通G半算见道压Ug通感品东行q明区在出联五率角共里算次角文并实B调又除至即意二京然六M8这府始王局备则m计到信斯或O油她从写程地华收以离红支日律有除今按治热育王例领专五现但政级但和代们外劳头众月济0车压集形反中五易酸到需区当才但群效生与面M报历党命
  - 大字字号: 35
  - 小字字号: 4
  - 小字水平间距: 3px
  - 小字垂直间距: 3px
------------------------------
开始逐字生成模板并填充...
  - 正在处理大字: '八'
  - 正在处理大字: '见'
  - 正在处理大字: '且'
  - 正在处理大字: '我'
  - 正在处理大字: '么'
  - 正在处理大字: 'Q'
  - 正在处理大字: '联'
  - 正在处理大字: '山'
  - 正在处理大字: '织'
  - 正在处理大字: '本'
  - 正在处理大字: '书'
  - 正在处理大字: '准'
  - 正在处理大字: '称'
  - 正在处理大字: '原'
  - 正在处理大字: '革'
  - 正在处理大字: '个'
  - 正在处理大字: '联'
  - 正在处理大字: '层'
  - 正在处理大字: '消'
  - 正在处理大字: '保'
  - 正在处理大字: '真'
  - 正在处理大字: '响'
  - 正在处理大字: 'l'
  - 正在处理大字: '提'
  - 正在处理大字: '属'
  - 正在处理大字: '九'
  - 正在处理大字: '看'
  - 正在处理大字: '不'
  - 正在处理大字: '合'
  - 正在处理大字: '记'
  - 正在处理大字: '已'
  - 正在处理大字: '回'
  - 正在处理大字: '省'
  - 正在处理大字: '志'
  - 正在处理大字: '铁'
  - 正在处理大字: '压'
填充完成。正在保存图像...
------------------------------
图像已保存为: /tmp/tmp9_c2pbee.png
总耗时: 0.12 秒
------------------------------
开始生成图像，参数如下:
  - 大字文本: 育实全速被处条决活及h记发F省6低千然志便电类率...
  - 换行设置: 每 12 字换行
  - 小字文本: 交统思a所论内克当B以传周老信命处却解术定z还一将育那rO产而院S写面清物太龙按王速手转片YV关处理石进节f国现点门易分验标x立气存己今分飞命给战通原话必导最积能眼县清低状般南发万已斗打无济八断少组更增更做外为加这造下各知得三整律国识省采快行V许清传京值定何江个易在较深识示红作目事太达二单C形I阶W决无GR线立论直阶手极备相v果众和领关学使亲F义通料生育代观要家方北完引形气按利情z改法也可龙i广须感ax划适其证做并史眼称斗响万西红科改细自集无太或指解她即斯上酸样消委几建为区a名造往增政进万器则P报际起西法山白响连水置党管商系体王全月老5长更话你正强级gL月选厂验级素革空次变子话或XW三可一和两机油方花同层只9表历始律路飞商明速布斯只青电斯火证没况新然Z院农属位Y我素每非开打开老处报头角放能高最山新从h要划却如容事名美同3委u风A七才这保则同物系查着问才四称入据适K放军照老出转数感基发每史青传C元次团集领西适么方八个VsQ采一去候象技y派精质没算细知自权证身月便l发T向备复求百具其次三复至什色格那如持没万条被群农油出认求于行复造线者万并b心强收点法存领转转多确组联运电酸却见采始二几真其T千长么非由组出因好世细w众展布观O化没后没实将造学也想至自后住农心识极电属道以想照目好业长高国o列团识十天收政例还温设术k之那线议展住织程社应知构建干划从每九还从就斯i正史况保I王向身况式信置次片而持8z组查速发七En特数集会O期所即5事组具件没干5质市放代与政具音U家元克更果心没听非4东走建果过温满容根由节X并日段别直般数真手行备起花达关八飞采需角总相f子山精记布种内器政力成众府构d气名查mH中D路第天里等条值走建构接通道理真派制状意史外江议处般每快整月那王么厂下律性手M近带种别4个影更义平经法级使号身十称数斗半他劳因样u社P根百存l气选此格再众种会动强报来6K而较w务连界子个京记SC来六置期期进O9般同张用解等厂些世响直风飞7政由指布花且热b走外美成并百圆价维之引精多影U型7无南局两Y切记没着专处空代KY也W日决识特基住开同风p来今公t需头精9使温进变作连子展党别界q应发采查五9业记列C一空变千主非每议名交O品少此场h平对特走米备强位界较及太意理4战委取少里石组个边不为生问9R经形2头步o住又率阶太学是sz她己成质u往领证不计还矿等参段高二小业加和道提加还9走建的而素风则毛表A学三数林养f最想准干理克共力养维决进儿拉l切们往联我U这同C学只局e线能程往率济JW么光别任半米更业温究U形流便器M传s究全打构律多格张I做XH王将例想党通员东长身容大往应C的根q带地建C交候九头技级论新则气做生知二手U根白建F对品元阶因周才两名接但处始住把毛院共观新自心日阶克气任度经党数红报直五据厂每我从压效人向特会8日需张五报品X京通改斯什全命M高放好铁才面量热i报置个产南V本着算达F资政火层统2眼感t等间量到共a品好到后每所重线求相完说会对为验步九老好料难越儿可列文报一先8院二的选员毛义响子流话给精何条老被只内和列确f文越儿法过回压s连料员段步往发个例风王步治就界写节加数观少节装干路养空前数物算部总加照头况矿许管平器子厂类还用b内置构数感花复细际工二决声话适基政t便收看海风候器象同1DQ高方太律以路文儿图好必划事龙可理性命e事快正i及图W流光别六阶至都道候只管着军节最m务t根边V火二且县克史引连去e列须确每社算但化力得决精件是起由B队0音圆律容只员口带火水之交容出上间华如解切专eg府还土铁书U容但可S七克必统见事自调y交些十3价格国h地飞观解P家型构照前5日识观资g济b众类压列产天不展越类条放O里速件根安层十开又特局KW求格s细能F结得员F难C温清地i办真团青条今会会新位流济也那题受石第土北据常于们集学将X资战领江转时o八实队M学E认白际规学方及V农写x十安门派西务断然其手治们已国s证求明传发位提商再数i2务积酸体都知自光称百白发题查W几热照是细然现思前G队造边积斯平立今斯连制度极e指s是美型d不OT度千不取易切深机规治取支便着酸解想书百金少的斗不J起地自包自问结社越出列规王界1方科V断几着务整民设离入知除见用离装联与只比这断现a却f2基断由据些布家种也原1际据活变且论历展族目子e时须生接易现了金如位身政么光展取切属平没志天口面开变将场型流t连T1路变派院为天dh书型计及
  - 大字字号: 77
  - 小字字号: 4
  - 小字水平间距: 3px
  - 小字垂直间距: 3px
------------------------------
开始逐字生成模板并填充...
  - 正在处理大字: '育'
  - 正在处理大字: '实'
  - 正在处理大字: '全'
  - 正在处理大字: '速'
  - 正在处理大字: '被'
  - 正在处理大字: '处'
  - 正在处理大字: '条'
  - 正在处理大字: '决'
  - 正在处理大字: '活'
  - 正在处理大字: '及'
  - 正在处理大字: 'h'
  - 正在处理大字: '记'
  - 正在处理大字: '发'
  - 正在处理大字: 'F'
  - 正在处理大字: '省'
  - 正在处理大字: '6'
  - 正在处理大字: '低'
  - 正在处理大字: '千'
  - 正在处理大字: '然'
  - 正在处理大字: '志'
  - 正在处理大字: '便'
  - 正在处理大字: '电'
  - 正在处理大字: '类'
  - 正在处理大字: '率'
填充完成。正在保存图像...
------------------------------
图像已保存为: /tmp/tmp6iaxghjl.png
总耗时: 0.36 秒
------------------------------
开始生成图像，参数如下:
  - 大字文本: 改利飞G3器电一斯音办需大少地无支族想达白五政二听较广备该复...
  - 换行设置: 每 12 字换行
  - 小字文本: 断派些和J分来出王至发做三一c属共到认0间容道展该报去影信间S商空期种除山权传阶斯高化元交入1酸无据复看据是位近工易8时入转日准内调强W完科结高打2支高运样9办次我技组领造局济造照度共斯社U强什拉次种石该精两T点都农放思众有容因传产统型当更温观深r的结每效花所通信造现通完导意转开打n权代TQc结构得g路规万身j高l调局常方权过三x什用红式生近好但际把g教飞入南地样这自由部备物元可争片时第身s较传员7体适计四进教流龙和j集大水么从流连高须车设光划元6复提价音快历系fo管计称导地基H族活无c事题主资九转证按文细其般或其意习表c文采九都期东放图月最实住院即联是争离线构群消离义易反内w区议五收次历维想成6以业但南半不据命P往往带复战O海自u最元S林s是教我运展5得来里复是5上好速者员严高南利算且样形口火往开写委行自需例第照较好处利更专基性律经于设形还深入解k原团w写按节每并下林S员次便事任以市水应厂角些干流8高产代治p矿历支酸看学劳我看进w记图和信成场说派新维与科展工约c情要题确达二王N际根全毛gj社精易共切l很员Z需群对特江较及火理业千民明门何干色类可近解上条原D交非许正价长O说来石量z规进传已计算三究色家Hn效L那两经几低子就世表科量积数带也通义处太三国水油回的传革示科技长由你代了3在称头快内东名龙约情革分示世则统各太质完近外计音织建年连起族己多也线转里点地史行内求行情小定收采活关以更由备铁且受周今平专各花律产b造内基和般走军领百到上电看近准rN取强但及选选且始已把据六过得准劳信写无原设类自统果按报则压关必算之便志角自指每较如较易T被义个设天定美适北只5机高持V酸没基年意少资东外义意装同取太算从且求意全报4省天S么国心最改花积HU社更准样国己领完温较全状克真把j准非g十传规对题形主K于响低务子回电量造极大证必万3较就养展战名维素记派北条确马分两局所部道属维3次省单收学cr强口空算m非见线6些方议z及文型约劳法议离义N增种却四属连步龙就共g容十天按压指东开影点级候众论着始能确认或时京情斗分治体次意思程相布H王与议目往部百道半完实L称B所效动报列通该发列zh你东论去Z眼5非见时复统身又原格周风代方级称斗不消门知研五m到目复系铁务给米O要1华县须队况B直fU根争发外p门Z则北水造全问有Q系群许青f方才该却表效她M好与者G方美步情或意u红质叫律量命效劳不报西常C而律思需y期气名例学导还清非E色想置如却4算马争格流也G准国些边才把真4他l新资资万a运从当革样边安方主按精合越片划值系命整小一农本约但合亲观改间各政件b省资H你时放效院业正教边张如题大但料层真位v属元a快3离该R育县正指I红运提通多调组到据毛受是历写料水争任Z2列华较头p九达华原这儿据属传红县强于厂信K过p那联标iX战五百品区提广能技运大后口解速周把变天q华集放术中wU并L土精计非维表象到格史利去教同派证当党必月要力分调火改参9几点老置油族米酸心许车往见白出流通常中专为下市西真报说快步的问R住起局非处联往地社直起f般社无此米原争议支近样证究物平被论治状H先事部必命次队几观A级e做者们确LO类查利导构求气只重条世程至京必处你养国劳重级根治个红为局论总很必些种代门天称成至族传作适列标长次增线结利内0存石运数kN县力她0整O且和m又我9省动青查每劳活论下音议安青层6产学龙世般战W较也备门农方传步阶律命队万知群精边严非人长里组x目这温年近须众是把际导K圆立却装马运O发就发引共老很军局日走面任习果又月公电开类此这E细机千值百相次子O影便见情局器公前sQ也究不总求或e根代查入iZ称设当进更直引快对真无龙选也使8y题快却u经处团本改d多事权k而B克半5n主原流原际z从O学八特南专x京专青学可最即还面产周种心党温活识j已来成军了被种断C才飞见确无何想见却区史系3无值习好走自b火声料就军子科办学根法布资温音方成劳专须什里拉如列组自格T现说斯总今使精片安资起六整器存验支有安高存空a元口酸更取际量以n研N或果东电亲切b理入问应近到越阶U传非起空思人基只我维派么根品月北回亲书八料近上参元u每题图持前方级话总亲事白共U干该位复M名置工级m期家V状为种多素还资S百达拉战铁劳确那这题酸备包交写克备白i场很达劳原效备l与被教至价m计那分花技度备东快明济术查六除片党音小A管界界界红都J难G酸经义内政决济象收建d运J集世华
  - 大字字号: 50
  - 小字字号: 4
  - 小字水平间距: 3px
  - 小字垂直间距: 3px
------------------------------
开始逐字生成模板并填充...
  - 正在处理大字: '改'
  - 正在处理大字: '利'
  - 正在处理大字: '飞'
  - 正在处理大字: 'G'
  - 正在处理大字: '3'
  - 正在处理大字: '器'
  - 正在处理大字: '电'
  - 正在处理大字: '一'
  - 正在处理大字: '斯'
  - 正在处理大字: '音'
  - 正在处理大字: '办'
  - 正在处理大字: '需'
  - 正在处理大字: '大'
  - 正在处理大字: '少'
  - 正在处理大字: '地'
  - 正在处理大字: '无'
  - 正在处理大字: '支'
  - 正在处理大字: '族'
  - 正在处理大字: '想'
  - 正在处理大字: '达'
  - 正在处理大字: '白'
  - 正在处理大字: '五'
  - 正在处理大字: '政'
  - 正在处理大字: '二'
  - 正在处理大字: '听'
  - 正在处理大字: '较'
  - 正在处理大字: '广'
  - 正在处理大字: '备'
  - 正在处理大字: '该'
  - 正在处理大字: '复'
  - 正在处理大字: '其'
  - 正在处理大字: '与'
  - 正在处理大字: 'F'
  - 正在处理大字: '育'
  - 正在处理大字: 'L'
  - 正在处理大字: '资'
填充完成。正在保存图像...
------------------------------
图像已保存为: /tmp/tmp72nlvoq0.png
总耗时: 0.24 秒
------------------------------
开始生成图像，参数如下:
  - 大字文本: 造但命并例展下次些a通员率题米T儿七改据向r主况...
  - 换行设置: 每 12 字换行
  - 小字文本: t流龙V几通着般进才东看形名总代何太放龙华被声各周N地k常金好片统合来往提治集点命度命己约系界当资单安交你记地子元增要不前L风同圆参西线选认知支法革又期人内实图确决圆X格将儿导地程外T属建车民众连王入做话影毛设们z该ht周识步记打住究任细转面都性又d件北阶没统必离派派置子精速场行金取求年身持月划完制外行P张本往酸术传界治被放基想E百活无名步验今系1区门口展别速i委置比名E领f书建十四积色6拉得h传队火克确么界眼段布规从d光志较法象步备七后收引求那拉现住证r入这府史号始领议层活志石将加E共K话进还当日青率今做月给反快8做难明y叫七效王数结切深身7极社b长克时队合格行能位越段用法史c处维但要美儿去六最定H加史及斯关转维每必越文其几9管究次认计七任里改但说那候眼劳华工它完L情口情确区适S最断素手何严i或p由何v律拉N究表设米育教实格油v象h叫各技斯f非存自增市少b法斯且l标机利需通都头S目族采亲起程科军w往回利米头长那求眼命T得多构权识I象那R开r持理外格传行积做i九公行太命器过资如国工研内线或成多好当天级因争听山结K到车5研规民美府老习长规石音主角m压们再厂山地月志查平全养两育石标看九建至子时近算间影路M标安q矿史土表力查8商议影部年满打行接再务给有向进党数声今接化细j较一从运青团更济管向了县V样构管间世建影信子计先严提说者Q头义音员个体过作快种L内产题油元非带有事效调任口东包容还革志KC无电L容是方图清样元切已重流原便则派据县放会路相并k状X存任元状状集即关全本具论易委程便压y6料准公命权生无红西候育己4路包育体于示京A式务A毛手之民热6即军先没响根队阶维现路真意五e装往务离看低认入期状头达议Sk近计义里别采要何干被取议光团外花格理形光好约往做叫说f往3部风根开划见r石当然样算称出二才W反基率查飞层i头1原全P知员力料改图太声面增线难地号调利共易五共准料所o空市交了机入情二候并v别6t及候造住i更今战接织们千i当正也百G方sH白qSi府研清即联热Q极前写也候亲带写从型保林图月几与酸己增门中下们认者算物大装备记是周七建g发第压化县年照但角细想列准总见装战第格间千分收何解美b它和r争东G音社收土指标满展x实如热或界象际张处后生民区离京规里才入身到京实周文各商s先是或许其治料两L员q整长通度九四完做此制中率程a无火7pO月斯养万都力报术再书本石jrO素关T放族造铁看合系米象系D极制v老治五见连军C局许片名身历全V许温度门满o话千安了主容规北家听组布s层度么实要她声出酸近或置vM织小新e十处眼统M原n直身率听元受度华形y华1气候体例今层p许通期角书率写子文满大当区M习给准将了矿二速车际况区状见满土公回七状商代段出R业正较口二商会强i院或场信系间车至向属列且县维音业光书程其养养定平大百向正E织于1运学去解治你元改合眼量新革并同地正里后国验及次收压毛l比8出现D型观f山同积加院圆力样候时领术目育按半严H入响技情oXv才细得众火最导等X区间m空力道数专九约如适且红需B难各力细的放工们实最速流效律论必听军低书运N金约积得下变劳半识半报热油志定积来存D记流线受计争非办种型文论示6话研资6往证两北联有h深量的今风究e结实还四论这思素断我权地知做价酸每3件温革变转她B又百花e头思期长照五口行农总到律标王天无U面地节西至起矿如六o几往那消际百新越定导打民精却民变百实适二拉化求型五上对象达以6矿林目更政厂较据交北情多那然划此什构成我下形量军a2口v道决安o她4手路阶器因行类头理加太空分机心电D只长响回京j好下特速生么S适机调铁有动将生己三去务七单消领确每资还子高少通单院火无加理存原切反美图周内队队月们d始参N以现织整院R率完正车在说利X率红安约置查毛确办京头需声飞素计单称没s事下方便思经火圆元者h象产际加况必至一者来式的约划快H则意型据日为法效文L质保f现直w声维任或形火a比科具R什是d数所表般9没应整p动层这当往回与主土到七g新低时国收见党见后通统级没会被i知声引头况每极质反年有群组所3R取光劳做h克平百车情由然4时认经严干车往派5道上S或问e斯程走战全与界无花见须象c表1造织眼素式J引团情布目把话y那流经列北派关6社安无几N气导周W由支白入什火s线信县段级则而须4m气些部市P少a九及白行红格队度铁等水上复至名Z件么公政积布战学意x土式是细声各研治专定己统k万
  - 大字字号: 32
  - 小字字号: 4
  - 小字水平间距: 3px
  - 小字垂直间距: 3px
------------------------------
开始逐字生成模板并填充...
  - 正在处理大字: '造'
  - 正在处理大字: '但'
  - 正在处理大字: '命'
  - 正在处理大字: '并'
  - 正在处理大字: '例'
  - 正在处理大字: '展'
  - 正在处理大字: '下'
  - 正在处理大字: '次'
  - 正在处理大字: '些'
  - 正在处理大字: 'a'
  - 正在处理大字: '通'
  - 正在处理大字: '员'
  - 正在处理大字: '率'
  - 正在处理大字: '题'
  - 正在处理大字: '米'
  - 正在处理大字: 'T'
  - 正在处理大字: '儿'
  - 正在处理大字: '七'
  - 正在处理大字: '改'
  - 正在处理大字: '据'
  - 正在处理大字: '向'
  - 正在处理大字: 'r'
  - 正在处理大字: '主'
  - 正在处理大字: '况'
填充完成。正在保存图像...
------------------------------
图像已保存为: /tmp/tmp9m5acqjo.png
总耗时: 0.06 秒
------------------------------
开始生成图像，参数如下:
  - 大字文本: 级就作过m眼林史子提工动目还看反消马思高种间作列...
  - 换行设置: 每 12 字换行
  - 小字文本: 阶记还属林老车于装hN眼属北由X工利么度越e色话米她G活代根类家同5采听大日过素接只百可米v形我它么之话八农它N离发京放人内相真年身表去象族权严元将任学基斗队又厂安厂制应好确历原算道o候支九际己争红价工值形作看类交已压说程须积段布消L容机百造离点次定现断比少关当她龙r统为理并意收在信员张安海除千t标因置w属立革花传起矿但说主观3p取义认小总m南区法设切备两天标美活l要g儿真机你今高色o却点经飞影受然点干难z历结入好即在才育更化门置年影两名九飞米提量半提党算中l严要三无改明电九从音和根7如新来支六一I叫影引集由取快车z何自l我类参验平运F指流打素系正火你道你d级放利南以采结办单行技后见二f置使是电后品代中离快确x角备构等始验长容复里划单作世转1步况关R列k适军7从料参其设消产O称型想低片南际单本用子必共中各明p候权写在往门始区存识很G去5事l直众问备议把提划速干必声0种装号4写形验往色u干心何影种级转y识s场M来团听段p性称然验示老不油气强般力争真术才全持R命H习般备身便造价厂家所J直山地值识四越般铁越铁理及传e住阶油法构原与例统线断D不是各至确y识d石建向队G段照情得p回具易约水集U条样何置6得少a办心务Q政华题话连安就院际身九增最争形且题林写同北很按4越七k四7广多低给m方R况还需温一争义每小由连已和I计至料k程克技相市oW算图因据最且党进马加积就高家或领解划题要线次管布2们z时她门工期很a划速存存经都更心界方元北半号状并决组J当小x步记空设意根布正是看特斯料程度计商几压领改候者划样水别2真报么按他极布格知老研眼自nA速好低物花求五上法构时传O上千l织从分每政很要决治体三性工步低便型至元却习量Q值离十识相造都Q们分白严阶广做命任就条白海己飞族AY会还都研置支个下8论真出结角根世并习质计育期书中指置比加话P9本队则给心导J又干斯容气代光府出强自确志任R再加受标水标起较矿非便看决的由口土d要路近美了然音p较系即照却况理万合部从历么切式0且但却维说完x切么大被X进的思周较红学使造步委就养对全农采长干基儿步问子就v而U场的越于所切活素有地位没保低W间影业子4点G门I维保步观石住程间声已局3般你酸革边织确响律机此组十太四结c率适方E开据准名间做农感习消低战权响G何是六员克效据声作设建周术下气名思四眼五较变到总明题花真决性求线理干走多之众分须长书动收别农阶风7已平机线养她志政眼任布群书适不往严小火利革r导Y不适意养按术严热维满近自主往此u明技命系是业正取法千Q影2该过九据压收效员二派把必d几Q极科达己队门解题看回问年道三华7千具众日7P众o放布程43具反D思国实道x条问完运族入进龙z别毛水里R局会d给需展反以立样头力力况月正日被观效N难K发手步变取细根调存所节政容口京打七往作统能复建信济油老文提层下W制圆装业高bO联清强们U层名少S类酸业志加书权只价直生下事观查清局处划便当支P天强资决解率W般再水e须太应二南头我线在6规教派决下响见林全平今革照团l际造象指还群火适则土何分题果次每义d称事况格使员T战M者体明历t党五K交素儿形务先O据来法角t改k式每今满知土样少率细基了p道且E支区支天连马动音变斗常给音我段运两越么者专越道都第七上风通成电近相k例我之千金而往二形总转出A转8来究g及义取始其将大况先机何动想资八段管复具E文东安华件管A并步持路速整做月设A却E白马d音力属E二YdC构土志府工群多发米好月K口连想成前族拉保流马么然油府自i开技影新周而当5听条省从些构与传选为心业难按G活置制北代安非此型八你水L各实公不风示k精前无px么世管年那何马众B几角应重眼之之个制产复前子形而走系他科i于再认动基她效量之身观照时实叫还图教江天干现酸铁节七5v连复年热有记众G而三增历结已局经千精为龙正j利管国东明极除员养导革际品住处全格便政山片界n金能广属约除立飞便wtk往车基消成知队和积命N调r接完调水克义队我民装受了个导N第地论心社社以感五收海条复书单马群线展半专东自适并己书低更五第立参四除Ck精pQ极制感几己K采七统速元理新这原关明设情论存术省e比图海种来表据革当干知等品公油经称你下西美非连际B同改进军P住听也术机般为程果整基常原习志数增明识太厂样则3快其听越空最5京总别农不5适方k传化器物事受存即或度定包q必红天写样管号分具始整为族还我难车见Q式美动她书原B构
  - 大字字号: 73
  - 小字字号: 4
  - 小字水平间距: 3px
  - 小字垂直间距: 3px
------------------------------
开始逐字生成模板并填充...
  - 正在处理大字: '级'
  - 正在处理大字: '就'
  - 正在处理大字: '作'
  - 正在处理大字: '过'
  - 正在处理大字: 'm'
  - 正在处理大字: '眼'
  - 正在处理大字: '林'
  - 正在处理大字: '史'
  - 正在处理大字: '子'
  - 正在处理大字: '提'
  - 正在处理大字: '工'
  - 正在处理大字: '动'
  - 正在处理大字: '目'
  - 正在处理大字: '还'
  - 正在处理大字: '看'
  - 正在处理大字: '反'
  - 正在处理大字: '消'
  - 正在处理大字: '马'
  - 正在处理大字: '思'
  - 正在处理大字: '高'
  - 正在处理大字: '种'
  - 正在处理大字: '间'
  - 正在处理大字: '作'
  - 正在处理大字: '列'
填充完成。正在保存图像...
------------------------------
图像已保存为: /tmp/tmpvk54v0lq.png
总耗时: 0.33 秒
------------------------------
开始生成图像，参数如下:
  - 大字文本: 教它约保南人论斯V题研展验系把k明名路例问片z感治布s育力象...
  - 换行设置: 每 12 字换行
  - 小字文本: X满步战质队界变感每与究江连更按运L思领而l适出必给q法影马况五组也列们质9f带白面R没节A京存最常物8查己集规观斯断住段车风段地化严头今i即易象白价技主联3光来A维道Xa七真之期也Y看资群r9包新往据存点何红海n查叫P火克t好器千规解观t导是光教等起线程后产群消易更体机规u成计见技小九L育转那场8处别将格六w何的和影约了团积0战斯领称认阶办Q商放快务制压专感他pA与金积且众口系被别算才位属写究但料立里门式向构济世战目压真一Q用军市便会决去华w对度响界I革j件做新华难要6劳眼府用资展强象许质知北等象打百空积上矿品却政周何报政水放义看小e复都f交给D层查器本五务学样表即克容严在书者记反D前必或合龙由部话龙思权管元s家土A节和给被走候温件Z越北论段清C广路特商军技众后海复维南律放我外理格其ss几六才么o什切况身平取L光O且调越过长各后济团格论革活过算我党统放M步组且时许形建期方建安织几自万周面备间展情包资现并带较K干外越角议看五议不切位率条活太广其门油义就省而界青fc基老影u常少选外际应g前P则花声主律是后部完公极统t为干w支手无便构打场众拉油确整命热区对江且声导Q解a非研今白人入海数质放车月N划音s清何铁约号e并志身段级员2单干写无先面六劳世w气江总类将想那用量通物到住土易少山八集比平府样反见题8应学总要关回是再政局根结几I至对北原向九N等习子过本院生便素江组者常族连连须今H生率无最斗那长育角深较行形最史克个目号百族有5价年圆斯包后己M白流N效议八消之N节周时次着后院斯形V她西志选口规证温离起适非感g识Jk京3这Q须报说p事院工因例体如速d消比林e养北越Z门设切流难明在知年Pg把手w力要间成级8件工代究当进区派可子等备满连准细确离平成并每约除具O成率平维江料九需金类厂所大万路民历住地只以体主便状划在等号称dA何你支快却引须众压学来府专气速利带文眼有装识党K志手里e么接积事科采层身用看八第系拉需结品W8做区立合酸权任劳完听快因后br导联整部3且求极万人qo路离必级着少化矿知不它议家效知转P8观规到统头却支王问量E王器里产b通气o料料响派的已始始很少可把活识果物节KE题何开进质Q这名置间拉线家近部完价R务P飞全得查K温也调快改族阶比J火装元引百历物细到小V几共表社信带装支过得人们装边调体计6极才亲斯织活保u称参局期何月受权因团东话最意应集然之Ft织团风党1反及风认阶即在么统放O验权清t月非易战周电节最同状那M切完学称验统后记百意E子维么是眼人路向条自族议X文队质外年标识多等适全眼龙号Y制区确我个到外空全公报设连儿查难话办联而Y阶就连W价三身实八义决Q思海没局j四进当表斗利们该和回低z半听听什写切情即火明据平流住z文和且先o高圆转实县把持改着易日包角m制切么被指验社外识J千式目却场界时将段接龙美3后然石利9交素真9而r需z写常实又进红史色影保非军连b族反h后音素务U省眼快验身原工数车由法历别L山例本知几口七安式白同层很热9工革府7上采美建区口力些八织海见设国方子离程什的变史她反科往又每和一素i多Y称J心处类者米候斗l象J形研国任b资林路性时观进候历据区形从设写带西量或设1法育土活影科量引色进装很科层色压节性始手型目争见单证温更劳他便象完些革头s调型置解日复因圆气价于边物统口农候细示效写青极记路科眼空u约入状效重属J满步难电上设干使许白气派联接听温原听各亲入风d构百不间社技件将开千着见基w联复向准保据分毛第常千路本4看我法候该计术照回具外AT色步比0族G满支正适iH由值张利展起就k例型动引大米决规权影议三月术走队花光极7满为种反飞战记但f认四料fM律何低别应色素住门强门百况N己dd报重近S调场家口你声至qn学青天N压Z必程书太有务往话劳育设龙眼或导q认酸装公共但s亲表术除队强县段音不结么电好对了进回照增划号毛看列子口极支世或又或们教身立响社些应节队龙放育格实张精部活天M来力g段将由大报BL品p文sx我议积毛第选成把南T个起v离那打R是解些拉共儿往书流术快分认部书带L分n建只战O品团热战前斯c物派题装各置求说量理织市参决第力总l金好活许低构值研下I走线a部运素置直无习则法存人验问风每三断并以身石只断们P国Y手W革常容构四住争能会团如现西题战始话Y质车把变非度思小没目院规门来东连细B报变派安省队比矿B决里越料运厂之题目员我当回战马维老部加称实起规式
  - 大字字号: 52
  - 小字字号: 4
  - 小字水平间距: 3px
  - 小字垂直间距: 3px
------------------------------
开始逐字生成模板并填充...
  - 正在处理大字: '教'
  - 正在处理大字: '它'
  - 正在处理大字: '约'
  - 正在处理大字: '保'
  - 正在处理大字: '南'
  - 正在处理大字: '人'
  - 正在处理大字: '论'
  - 正在处理大字: '斯'
  - 正在处理大字: 'V'
  - 正在处理大字: '题'
  - 正在处理大字: '研'
  - 正在处理大字: '展'
  - 正在处理大字: '验'
  - 正在处理大字: '系'
  - 正在处理大字: '把'
  - 正在处理大字: 'k'
  - 正在处理大字: '明'
  - 正在处理大字: '名'
  - 正在处理大字: '路'
  - 正在处理大字: '例'
  - 正在处理大字: '问'
  - 正在处理大字: '片'
  - 正在处理大字: 'z'
  - 正在处理大字: '感'
  - 正在处理大字: '治'
  - 正在处理大字: '布'
  - 正在处理大字: 's'
  - 正在处理大字: '育'
  - 正在处理大字: '力'
  - 正在处理大字: '象'
  - 正在处理大字: '志'
  - 正在处理大字: 'r'
  - 正在处理大字: '十'
  - 正在处理大字: 'r'
  - 正在处理大字: '响'
  - 正在处理大字: '7'
填充完成。正在保存图像...
------------------------------
图像已保存为: /tmp/tmplt_6fvmh.png
总耗时: 0.26 秒
------------------------------
开始生成图像，参数如下:
  - 大字文本: h书然法J况地果n五新没总p龙设放开部5l界前选V规t市角就...
  - 换行设置: 每 12 字换行
  - 小字文本: 我期近问下种L装白克方近取样少边到b影线年装时例p术增入织y要件历由能民专从两条要非低办非c强压们L林飞美况极e6可权四建j先定便构区正铁该亲列美月儿应应克放百小江军京看步因算机导王见干号提方书保格公离当级必种X看江义划才展而提效将石由道d话划万有切花求克达少律快可E研改却真维线消整铁水边海应出色间非构出路断前手Q非4p导内V率直流存飞观先知眼Oz养处流越就文发办P今造农集c利sO机时她明放还反你们解种算区心难县化心子车身认叫需亲计话关立适想美节3M层验志WF别7应海走难准电前后将R约增t省海来物斗六入F石层意派见科大京即际常张后十没立y王到d在规半响及平几有感Ex得转取果Z按得9重层生数离做正产手她接生平较Is果为历心提果论cC观组B般二周十不nH厂PS更们务想l构t子受识则持然把新存开毛酸Q这县气此万想子参题型D具开住商全小本算她认程W题经上千系包广主连美要立于平变府周相期市在百构儿还儿出真清此组4与W要许后队易支被经好际细使E片形日M眼约方温厂求六任类求总后i各音速以须z低千B达府类转正群七日飞只压极断看月流际候意5总小列场X特为器c资特真图照光该已起d性经研都个电X整边列n等决住大进4龙率决一步达育一切石地红7压见当上W候林联给海导地向至如流电m所展许构报较强p先况o活布速经积机时县G着外较圆技安列处此共叫业到导所色比斯什集它己更备海器济e此回重满确马织程更社关路务光部常构状华会基你集部资海真安o例四重来话内风切用温共思省值求关状去音出声向转海造部应量走拉由支等间v存化平被处区I不内群低斯西始土分提规研委准速据前O叫四温外正T也音导以至F处于质他率基须长传5应华由真见头养处是交立这身气构务O比所号发月火准积又还道每三m民联动再集角C信十n历调目特t已六标龙能面难来它据统传参始条Y持流公cK变3一本部间验划马复二心变海住史数问向边会i马料U即地界期标心场属能干7次少五工空省列的使结所五发思I五你置六k展等义由图备有极z议R直区往想之许定长保使成题省无去产每之低群都万八金结变感社油活际G具具变当已在着体连民公生出H许须放y油交将马美众起应存度界取律hiN者气集部K最标矿白个后合术价义品易权点q没美Yu素起素办反从图层米9量7者ar铁都证被用战流情如Q其5Y研感东商F验L公t儿D压满也先五划状出新义时维圆中究毛声调r理写亲化向区没主约林共且积热育感j验与更儿事需亲使V真K步t话称处群思北0Q第群样H取群下确管关王委影积观群想者色对在光圆记导求周更府建此真华N其革头角m度动采有并务工精看命品般体件程行型格非响名常多手段总R际P个别很民间住X表团办了属办反口器R二各如县领世斯照m6其l织社格经思干龙红江石场间e军做影史听k着H被代具内包A义种类k重3E7金体新江半程t飞究个关V后候线期采长方来到年实也你美战如么运农更权温空好主安车调属政电大开情导日外系法她发到大育一有解其与及n任无作即w起装织议次便7南需七选能受市A白万器风识任农青P满义造记电日证权车确传存们增相第之你料志W效说青取周命改F以o务将者越正元民引亲济张J所1今各少高活道系合关性过速反e表最论取高就光元何由白道分D品步矿便究或a识先b术积手光r细改毛V制难备v存历以来准织了向除科东t2精问所做律改人e后龙j1单计过根i小强除月g器布速手子亲y世色和线提称书段形便南如专段构带名规B报斯成那府又n油行南马听志达二组车变为圆等W装成阶何没水说利次头件济度南示E保为质H处其状总资影意u选精题基立细且外工五得发走R国化基七正较万出要参本x很制满值西2内劳江教叫立农部别p者市场华但自划说第养最西构听收实六矿节成所适具适情以存如位件间位分外叫Y程土争以国亲立红难争目铁整回日原族问力把际保七你太气少选内军此出放路权阶水建放n且设及天南表严8常广结亲大行等严你色住你x备斗生便成层确2形状响光被二j式b选非意部山分里对格史x称意究议Z原或实切次低线而适走利手么U军容D连文取增之先还得验只技段二技六里理影H两报政调N治学计江连克向用技级拉定体头金lq入b非亲共斗来府解况至使f什近如准F海选性节代利L表今该还率难交社根支开格员们化的被制看C话k复流引林边维派社器式次正s次是安因切平拉安活治政样先置全0名3飞第产情料C何算任M长集D国小美中八即从教米说量劳受厂w位内7儿场构力政院斯JC术给常处必信其
  - 大字字号: 33
  - 小字字号: 4
  - 小字水平间距: 3px
  - 小字垂直间距: 3px
------------------------------
开始逐字生成模板并填充...
  - 正在处理大字: 'h'
  - 正在处理大字: '书'
  - 正在处理大字: '然'
  - 正在处理大字: '法'
  - 正在处理大字: 'J'
  - 正在处理大字: '况'
  - 正在处理大字: '地'
  - 正在处理大字: '果'
  - 正在处理大字: 'n'
  - 正在处理大字: '五'
  - 正在处理大字: '新'
  - 正在处理大字: '没'
  - 正在处理大字: '总'
  - 正在处理大字: 'p'
  - 正在处理大字: '龙'
  - 正在处理大字: '设'
  - 正在处理大字: '放'
  - 正在处理大字: '开'
  - 正在处理大字: '部'
  - 正在处理大字: '5'
  - 正在处理大字: 'l'
  - 正在处理大字: '界'
  - 正在处理大字: '前'
  - 正在处理大字: '选'
  - 正在处理大字: 'V'
  - 正在处理大字: '规'
  - 正在处理大字: 't'
  - 正在处理大字: '市'
  - 正在处理大字: '角'
  - 正在处理大字: '就'
  - 正在处理大字: '王'
  - 正在处理大字: '名'
  - 正在处理大字: '往'
  - 正在处理大字: '公'
  - 正在处理大字: '毛'
  - 正在处理大字: '具'
填充完成。正在保存图像...
------------------------------
图像已保存为: /tmp/tmp0qpvo8f0.png
总耗时: 0.10 秒
------------------------------
开始生成图像，参数如下:
  - 大字文本: 选满严变发展使选命gY作油再东入儿热料己h是果劳...
  - 换行设置: 每 12 字换行
  - 小字文本: 无生科K业正她结山必志k法M只音用划Q广但界N影音J起领流界W完然车只指听g感头看要切织且布速青县复片式最质也感就土a据物几h金节石先华代任出r道日育区比观议9U原数a采但一用米些员候始长号去区复达团层构c事s委光政象导自级规好同属是单料段调入目管自系料级大具值属引程口改见类容外然L工L数况果它至通半证才织8做矿被q青候指上气头派率正必5值办下局七很h由白子技养H各L据应下品北海公在并u层决等小酸委军第七活与可得办世门根验低点空水深例每候E型都最号人容部住化复没气阶S常则选动置林经i群基在立转始真B较眼情被较R眼f感知长保强较反u作文不且V识高放题已好海会车证导如打七二式习自是能儿活用A使养色织土区低他基造系住区每数存种数因美它带E新大下S候争律较反共象器件复总场法也还离a革非联代am该些志断面新入接农科v正2效己亲总严证拉年石S提影I书报史6府O区利农斗元论h走山严Z变区住始热达合百素类2面听力3型东能往织8者矿观家了清研都O部住及也们气常标点系2质音物方五计空关日织时加开力电新改k人就东最圆团却主气都自变建劳革七特酸支日局d思圆集铁八给高但公率产J有热叫从越须新V团七米事决象被主家次g五情U只a把级几果算具写真照八去非派o革Y定严置形心于量科习u传题把只必它商派动力县满平Q音得2革线复活队Rh候说列论究0要U图石究声到近层它反社或反按般速选至你加酸S不分米制飞干近重量争京争铁必再律所斗义清长用生生成运元高思住土治必题将更着机需p石新第论社好只头步u叫圆认b消程般办程给导最3年4及率状压安路际带N计族和号集除V商战最性状省思今种速好龙提半果造至管矿则力热手气条Z军对科即再平领去白等张些今小B且类机今要难究e系山里又队强许走直完R色Y段记感将持上i西加无区图八持平W眼装花很极增听响I这提务程空制治好基史起快太提办都内f近铁S眼类机o素质本准装你反听九接到行l声响产地头油当查流列交受门yr质心C明中数Z往观信子l信并存间月作教清布关学正国统习或论年如派Q东东s正s更一称引都存能那志管以话新定现工因查山酸社发何积本当到内转O规他十信完Eh多构领想I复和容音记集感下南照状价王从问很重5值济太十N者近系科十w对难单有规权应要明作各5矿了照Y然话安三始当基装个住参那比也与影劳开回两起照价种经决速委机k约当路织学团较增十强S选习她水议去后它接看使干准使用车说低X五温上f有划能受太会象战选一原想采手海可精金决离地在记全上先气问用Y样直D说H干任示干W化开个厂采关有民感可还国D识收工科用我无较主观今派圆保能种地图清b火带M切j整面C号明分省完很建算c己需着可部8h第K容压布给角同住电花省多来实后运党X规g往用价林风反1l系金体处水调技成P况土性或速保关验压xm张引它米果即算人儿明C名例较农深存很边权比越正打想往标革连斗单单研组族加正u县置包Cb整分法农数准之众里求音明音象u角较存认根龙因处变比设难列价e前参Y说所果飞利5党温机院空共月包何头增F工马部L气口华G研没目听4从被前那J科铁求土院式属会立着特e也六包造安PE地m院打又列8个世高组月h响收装xc很约3况R空和论响级委头县话线必很学院存标极海l米流了能构西入了民制一素合角的你出L百打斯己族o阶全如U成少下般才问长识科历科查感则细制X许条道但看和治状使商权运近文管极U已声局气w段容日劳海市金积我最北光王温京政做人者节用目类备收立消型间分关u强个里总更别空边难圆根次越J图J提子点对志电制水情记O什引力向万会入号空已长五候温门则备达来战CRU构通D领住白史素素史题使eb约置根划厂于段亲构适适达元业气低京几听政马导织每Z才自眼拉果来的白往象深d此角列门想始美年6观八百商程确期者周般为成总为维前严也认器导先交群G8B开义争只断名百亲亲地内1省越会江解产群心广县就把人完其形L清备算发具W热wX压据南重角克取情位题严天F金名亲复然消千民于资前立外按证半水众开f子及约动v交五号给二心区存运流此所空部格系增决民axn速内3研则听B则就万就带格Q员林量习府活张任何两再证共克斗说叫养达o置品子织程万史儿向片山99强何理格在看s使红x听省老改题东了年至历声革到C公回生Y织表海往jH响K容对众林队F要况新儿运究所多界和领科候支流或百状七没去世R细照酸劳海F果面总出J少Z动品光书及角期住手1By花论支级见和安件着手满同天程
  - 大字字号: 79
  - 小字字号: 4
  - 小字水平间距: 3px
  - 小字垂直间距: 3px
------------------------------
开始逐字生成模板并填充...
  - 正在处理大字: '选'
  - 正在处理大字: '满'
  - 正在处理大字: '严'
  - 正在处理大字: '变'
  - 正在处理大字: '发'
  - 正在处理大字: '展'
  - 正在处理大字: '使'
  - 正在处理大字: '选'
  - 正在处理大字: '命'
  - 正在处理大字: 'g'
  - 正在处理大字: 'Y'
  - 正在处理大字: '作'
  - 正在处理大字: '油'
  - 正在处理大字: '再'
  - 正在处理大字: '东'
  - 正在处理大字: '入'
  - 正在处理大字: '儿'
  - 正在处理大字: '热'
  - 正在处理大字: '料'
  - 正在处理大字: '己'
  - 正在处理大字: 'h'
  - 正在处理大字: '是'
  - 正在处理大字: '果'
  - 正在处理大字: '劳'
填充完成。正在保存图像...
------------------------------
图像已保存为: /tmp/tmp6blv_z6q.png
总耗时: 0.38 秒
------------------------------
开始生成图像，参数如下:
  - 大字文本: JX阶长八发电h温九带厂B打酸听务风什场养话4列说农相位东于...
  - 换行设置: 每 12 字换行
  - 小字文本: 速下心关d如此目近了七前民类场世农色影这联律全级论物还手位门温文任图半机八很主存该却验义约光中感很联验系布资般并算表料手之思劳和线w一状包究矿题林手化发展Qr细连方W世下热斗效政少流表群b无业工数手识具命了些算华近律报3以相活员持林民些连列度音j题回定整作快值心特志切取发儿构题变圆解己同总存声金争FLJ工着目干手车数委计常手革争7m际亲路却记记验速查飞l速教利太它属查习想造效别统千各己育象料称lO非万面管革知做开f花群习市n团团边人之准产今以边教提间他共收7西的高HHU断更转e量往真指属几事制这许形府世2求论的温务复位段提亲却厂至七他又眼然内图委在f6质指转权支新研便术世权对两日后r候运铁家质导争地要直出和面问等立率何和个O且qT回极b看被往样很导内较身眼况要完法民共f头年事得m入度研今石验品年产H记由文月般真机真可把花信省达技表消数己战根光属时空派专联bD始C准派这日华v更权只叫广大行由重众安前马算战不流资济听即位很下提形格所院济分决先状东积2精院打八历细成加t4想西要世感应织和期头七百示传比议界业通史给它组例手g容后约立则克总矿u建斯按共0通矿石g车地十交g历学十青治心样满工处只论6步成手县4了八然青5住形强须本热济几正节支F老持圆称真内马严化除则果代该五门共j如还美格然机但越细理种得什且构深持L头Zm反期亲j8空上算员6光团感布手后4它部华去身命消断业o形济复局市圆应新务局后世第管主清制改六S重又是A位相前O金区合律参了0务便i式行易金深石而小列管联从清J最解节建路低联红改四真适美本声群没色细日政统内适解们光约r现除关天A者地格变龙压场空强9你广形8他d会i定她何区1t联活代同史权党确Ui现D常市法一者指时备府般列维性级在根这法么段其置马K矿A如者同上级口美想门W京起也入细M气E府身革响京和也年T持便才求当研个革W以指做反果W需称压过任酸次青发速存单机劳务量王把mG同号把济住装化育红采着江期九程到直对省2水史报样报重数p史及习当心接现u教增此作Mhs却百图看议走实半团省中相个别明后切记置走作想大v劳气且圆研展国立打M色使成出你看身样民同度c圆了些明山织金向g统究领天问道头老是如山备何适选么小打美还术四集总包维织目此军具构之中统府直v长音九教gZ社习几较联处物层风正内流或离该思便事政马x新管习铁接受证革把亲始该结县方你斯七矿任直素然照先南第至才例期收斗设划w五造回离方W界构心象外E己识具S极支解得观r最节道那保断两法算研增研候越农S至路增把别很动要改党8P根Y经理直北都派单二除专机海教温收管步原k万马组今解矿位9太引还断会选那F前六特将东东部感片明连京质系是支质值特到重调部素者府做5领每联两半世E史系则外或7连例习小满三属Q百因她整引5必c争片始须cr线林LL却通v约二许达标书导着通深一元治V儿看p量老划作着G计接东常造9西4铁例非持学九习提别标意9据场八上问阶米领矿队水满京西二位数同集5车想很论严度根养边色A量石影放为书民连际要院图主看须参门方如划且江断边放t只是与元道话广众她花平形机r约N色林及飞重r以程相之头快包团M白意党长计立我有青林z不p加f时接口写没家合V目始r再强从Y教议细数区他步展革及规酸至便布设县些听心展发y任其克反局六大发6运都由但历统影能小儿O除正院家观么听先习济y一但众当矿同打气府切该需数何h风市满素办着水较得劳斗不和适通己积红题石3们着这社断个6单习布B果z连料温千需斯走来好所关年别角无为化况两l结九战运原增小低素带满统都取效信按值利G委声京级调小内下育约特s文难参往少海住阶多为y马识无V场劳结行质用流引非速通选力家全即小质素zP流方应定义县设却太海已接金和通金真者p极特元U专观保共花V度点强边资由件O角自据持高手关快门间你权名八感员果4片王太要I值王育C这住器织国力意局这般研身或形设那后该传复信以社h青部六始般r包今飞运领约门土水出U下红问更济数光打山划传战连号劳土开YY二并走c电利式市北除取反必果制所亲什员方Z此很7全头共万统克七派红本值往标条党持众至白特世积战保该例j置影本料力集物v代见适断际保i她2土什划交历术放近支下相车科结今x目际主断展西间空o出科处东场化观金精基置解ne听织场非风整斯选大更土上我响本型律议统想已通料你万便生容必空值4和阶的比c思规好量业火F解w书m农际电建术属h革取目加党把义
  - 大字字号: 52
  - 小字字号: 4
  - 小字水平间距: 3px
  - 小字垂直间距: 3px
------------------------------
开始逐字生成模板并填充...
  - 正在处理大字: 'J'
  - 正在处理大字: 'X'
  - 正在处理大字: '阶'
  - 正在处理大字: '长'
  - 正在处理大字: '八'
  - 正在处理大字: '发'
  - 正在处理大字: '电'
  - 正在处理大字: 'h'
  - 正在处理大字: '温'
  - 正在处理大字: '九'
  - 正在处理大字: '带'
  - 正在处理大字: '厂'
  - 正在处理大字: 'B'
  - 正在处理大字: '打'
  - 正在处理大字: '酸'
  - 正在处理大字: '听'
  - 正在处理大字: '务'
  - 正在处理大字: '风'
  - 正在处理大字: '什'
  - 正在处理大字: '场'
  - 正在处理大字: '养'
  - 正在处理大字: '话'
  - 正在处理大字: '4'
  - 正在处理大字: '列'
  - 正在处理大字: '说'
  - 正在处理大字: '农'
  - 正在处理大字: '相'
  - 正在处理大字: '位'
  - 正在处理大字: '东'
  - 正在处理大字: '于'
  - 正在处理大字: '验'
  - 正在处理大字: '级'
  - 正在处理大字: '细'
  - 正在处理大字: '3'
  - 正在处理大字: '把'
  - 正在处理大字: '位'
填充完成。正在保存图像...
------------------------------
图像已保存为: /tmp/tmpr4gxbel7.png
总耗时: 0.26 秒
------------------------------
开始生成图像，参数如下:
  - 大字文本: 直e南观装器日H率力存除权百地林了验达声看门北米...
  - 换行设置: 每 12 字换行
  - 小字文本: 低性济l手c5议百利山龙y完器律保选E史处史使何管运记内4于实团路3P件理活共素飞海想了s往支研业持广建队流g角织c好头又容族前组X民车业o干山建形局来代米始山5义这广些理U划就织级分济参q斯厂分月L民前石克B因X技般6整完及都S龙克示具美被光会式术每除保1书R边克W提际性按北地家数称格日电济因江论量心团育只式百书习4什从节求周文手说放3设打加事特价众通海个3决在林何采照本V写次二属认器求C常I步月e别拉识压她观已任物交学了q9h委地采Z造将情Z常个越美群想了的I切装论示毛又压下日共消转指还边元级题a与型干响计表j真住加县书Q使三T员把热天严压没最通制报不K是即感个北K速制也总至回w别这权习代三切西建x样放外被六入回月般影革石活之十空收n利划报少Q线花把造北规各集下平第任特H同包张V便派光长积律京平备查用太P通有只列西基更变通带身向U结度需照学如离数价分y见各件维引特f最J每己场8加应际示O什白市并门广单太率1给b正至光事温思数决流国压安压斯Ww维劳低解7研做高知fC技t习低这干样性h组小术革流人信叫省指等据想每专lf干道今风难达厂单叫0且无导断市众快设习果话自受参f要则容上子它到类先主电所级线先国X规ea相安查消经x委使说即造一龙持带易六共要白算世x农Y思部干其山展手Z保件Y花先线N维结斯代约集飞百段文有来直格般群省转个清想并战四热解式即小什现c这条特族青a无内见和且几装三象管资决间变商被石到们置展公h风化节为细场影U流八军线决位复D格fR相记四义解高制活消O多来备关主历意传好质况值整连较正八除备又四J连中须红委局美青导机立公持老列于务f四器和达s龙snL学C间话问斗织转及行反又计7特样实入论家将志山除两便龙总器支每很命时成花增值着H广面五导Y时道边e子层除战D程京么法应又s影志空声维列条2看段却写三事备南到示热几大它采还数图并制F型叫一候此观情又历但标放部常此并料产由型九现种权b满式同不林气里r活自百在较己今济气引S复西门现开军书好科七a办正见量正实别先O九结铁展增争部元解流s集据问低w没八还同期革严量县素严计又江p是低间步E许政应合接G连外民回人线们天装平些石标拉龙后人接命型量运改照参平六书N土及还经向严C速美方热又产代毛为头指志厂关基成接i别3业二调东集里Yn法精6起m指温d称五k度成没能县育A导广山验价主花华传好l共根求z那单历打效Y十们k门由什v子命其中科斗k个出厂列少接用不本广变条格B先联收六点间队权Ab现值天如则织p直时意叫观更iB七价结温增较情报任出治米置从0劳社她声联北入x群步命P美清式和习般s才就开做理整能全活至志此政得团究具利三子见面科些R政应识放2效边低天4响力路始全之后出转加所可产先斗万立R心程得林身我工D有专团党消写样品毛8及特即区活利重f物应V认团造多接提运当具r及必做过公生门压合电导影W京东划何体1立给M马LT示深较技调定t代l方原周之解亲者设系期社OZ做S门专深而A的别议情e石美治查合不等z而东价面我法群时法度日平面j整群任我内代目品却原以场林适WL结电知对C决眼小结部照外历点n非状片你9代结统决第劳理表状土C铁度工下R么就极h议位话五小道音少起厂导农并酸与f感但划了要通王法众日yV法形究温响族空团有导声算集收真算已般就打克全和所究元r今七始新或形1置包光区斗他拉世式片活新林状规调地0选那中M三直接身战土省品花直率b要入R实发比备少金统外听类B只指况面革但院千S况W资列油B华济权青记山存面等n王处万斗听小养两新过题领水一音层极员团九农音儿m又它维器验它然群样海你K行D周有反他积D又特争主验只象x界7水n划全照温J满车品京算口八r八统且性四每任形千定o号同万说已学飞工记于我直长市生照组真k派院连引使高技把包J打号联已际亲成何市例天派法造0v教被极造使相2农f风高群思才斯政发所样U状公深美率毛清由今1决习间部形政会心比使状者以包铁人已样次群争力前利周林太国切去广样5对W技收口走单机料领总给5指问已识g社要消资角B会A容日I面车2近复93达五事示海素专明对七信u不g热整四手斯具该D只Q术到二多性但v建建白X内式族已何f层例类展A流O被况电查2J般他革转研类京最w已R证安劳族识清候Y么已提际9约矿准格战问应s又U况IvRS林根写命速从之山压立青织他z同价满下红入米出整中同明号j品极在地用问为断明品马流划意r
  - 大字字号: 35
  - 小字字号: 4
  - 小字水平间距: 3px
  - 小字垂直间距: 3px
------------------------------
开始逐字生成模板并填充...
  - 正在处理大字: '直'
  - 正在处理大字: 'e'
  - 正在处理大字: '南'
  - 正在处理大字: '观'
  - 正在处理大字: '装'
  - 正在处理大字: '器'
  - 正在处理大字: '日'
  - 正在处理大字: 'H'
  - 正在处理大字: '率'
  - 正在处理大字: '力'
  - 正在处理大字: '存'
  - 正在处理大字: '除'
  - 正在处理大字: '权'
  - 正在处理大字: '百'
  - 正在处理大字: '地'
  - 正在处理大字: '林'
  - 正在处理大字: '了'
  - 正在处理大字: '验'
  - 正在处理大字: '达'
  - 正在处理大字: '声'
  - 正在处理大字: '看'
  - 正在处理大字: '门'
  - 正在处理大字: '北'
  - 正在处理大字: '米'
填充完成。正在保存图像...
------------------------------
图像已保存为: /tmp/tmpt490c1vw.png
总耗时: 0.08 秒
------------------------------
开始生成图像，参数如下:
  - 大字文本: 住统如做会q共复斗列面争使B划边本需成观管题为新...
  - 换行设置: 每 12 字换行
  - 小字文本: 果为局W动器动强第h热克千路它除查节众B称加正每较对活p定济R道积此酸传八往反很d己应C发种存线做家d影道东断型量真般并车近比层tL例系飞车很果酸美E与t务土没习存东中m感北林究北毛属门外共已第小经定改等家改必干快强布知对华至报C体却度真步四战满导V人划论包想之米厂决号标办广格角作无向必qP6质总回京e分s7史复式p明此集值众听已院里级整海h或支但五五叫保dc究四易音u一I程9Ej准低两V门认非府保身且该器g切4专满青土指将与T斯清率开给装军己温除o毛条众到n斗接学总北参色什高海论只7目级f几程圆低毛象业时级工几治会节自就叫大可社识很省中政消月本2车难团道此单面基真文华进土业京论么数4己单6I么O达后子理斯养速Jz5斗流区强务实车V养打天百该观严只都志流保造军更太就线江备细保水划7例查较品h题其农才理调石系府阶众二k近历领严办该什派住下点什决机七看族边才出中基红值议县l资性史行代事林于中大能D处学年示亲心持取3把设六行张平次我万特H研以十通公统状k而事对作复主拉队带而i式i候9在e商儿8w日日层百元生专细多铁没点加养y才量县h越又0角政资但书指将点群圆w质料千片易子置连以号l果子立线动十e华Mo院见置物见准写须第U团8八期京看世A老代入始使情县团路引界书角得技口属该列都称得之教养多分q大也压号题L们使口转识提作质没HJ道化u又理组维中改儿京主眼全叫需y铁别反才6生二可委拉之物J在w段下石生收G事式即且相般率少省影者等据子来标强过派取团经响该在先即心增v活决六几规存强七持完都易单样目之外i走物活则本设热平运易M命持D越学持到积效效持话构走京3清面且制便写会社后人白来品按来动将步近青接新会GV科严信代少F劳放手0见亲位住T支流2里式z老七U效科本红式亲6N路或名白X眼按J调器多专O况只之分于是级清思5r新连效速k团向会须最群手验离属米龙边花识内长标变色华于置最风线么人七六上识指特8是e作R选E进马V直海建政己府己把军边济志值做员形和书o式想特分开量光而决济且y革矿等0信众听元种上般王学为断格口空们第x年几完始社消即儿理府教C每战阶始前带物特适斗老于她她到过公院部北离意产土收查带C级只它建r入书说军列立sv命j单之以美想得解须族W民战更造别表w往电不加格新平极整重研路何并华深实这在太内片PW几无用压现生两最办类j然世次t热六状府w起它圆花我离6己问压整色定书统法速研引记G却将认1从步年农g路和府F属金K可J领作素体点且头金上再也先如整行华号6干社们可日白是再识严原K2更到眼fE收还期标清P据青水成行动7持运运素建想集价治算形上压切状四联S传程S新民根引什器只D程k领i定空被深变机t专律路化百斗q反由经w都全快常满北放以很和L交深较E市党先见路之确领界状象度H拉月么教运任离身就南水近即质强上最构法术西T与见改义关如前证史联化品铁运志论速C0成式长但风白者海U商派务别百话是知出能王她条少易目强条值带包在议九总林红很dZ正就保极但知石照素调群加按M最王力拉更增B低格分构其得5长府知龙到战话织组K满查方律你集次i见业y6K看情例军且果P究N会想还压海识下7人争须引还却H转千象声F东立X开又动员通oq省专制表亲定T气间L数r如n据道传只表近理须员取几Q压传此非问包即任么况山气张物局列济研意速了回E段工要身白结从争务正基原等世农增n门府r局把思同象设速安活京六又利3B入之起消只Q第难色国消手广动办走华解通先史记但提大即8技部受工行同山今后段下明何v金义南u出对圆做信g千今Y流义做去明需历3力展现m导什明海百信维京新完术东直儿广张信片因花得极活或县快再相增活uA实机效响中根P法完真机V必候派6m式党形o动许车府同拉温型题边可派史火基整二毛候号点认军华速龙王叫便听分是着度并油广细号还确一F龙片边声使切元J算验U器观划府去L越治因能铁体又划改如记做必还多住月石或值三非老但s车u历流空叫单在车X易何战拉育回S林手党许成究D加种K维a面共则8治务气易长九M张亲技低标s矿就但质的过2图长则布队根传除V活据还高传造公市五强并大感素新就值A指须之际况满始始i程识E事片和前细意美的海认元派小然Z毛头常分经状区等完事京处党对进处却集装做区然示y她要W路地队才养满物调阶中叫海术断则速争金明社位将共图低7战你世b与红f场被F看查达总之6适候社则现需主直必半r向证J性问派很离置
  - 大字字号: 78
  - 小字字号: 4
  - 小字水平间距: 3px
  - 小字垂直间距: 3px
------------------------------
开始逐字生成模板并填充...
  - 正在处理大字: '住'
  - 正在处理大字: '统'
  - 正在处理大字: '如'
  - 正在处理大字: '做'
  - 正在处理大字: '会'
  - 正在处理大字: 'q'
  - 正在处理大字: '共'
  - 正在处理大字: '复'
  - 正在处理大字: '斗'
  - 正在处理大字: '列'
  - 正在处理大字: '面'
  - 正在处理大字: '争'
  - 正在处理大字: '使'
  - 正在处理大字: 'B'
  - 正在处理大字: '划'
  - 正在处理大字: '边'
  - 正在处理大字: '本'
  - 正在处理大字: '需'
  - 正在处理大字: '成'
  - 正在处理大字: '观'
  - 正在处理大字: '管'
  - 正在处理大字: '题'
  - 正在处理大字: '为'
  - 正在处理大字: '新'
填充完成。正在保存图像...
------------------------------
图像已保存为: /tmp/tmps88zer15.png
总耗时: 0.39 秒
------------------------------
开始生成图像，参数如下:
  - 大字文本: 先论提安叫当斯社所J计关0产形铁置可所素验资具上...
  - 换行设置: 每 12 字换行
  - 小字文本: 第被地区系声成位亲主定酸才K东花方县节同x两族收就马育指织集养受B派很过D指周后北色现离体一飞光打我习约员实9有马造连达须须本9要成子主号县而位打放构低华元光利n离达状满X把活声来了住斯样么信如理Q领酸就提系织运点才响习利布明率而受是着步果组向行q照学信历活特w量Z门和往离线南E江物z事道反理列安写规例强e机在由形中论原众消矿生C精使B们火己极开办受般真局史上几劳整式增南义中成常里越期便a拉u6长大说其水c支3那公后I条e治五基容济观四七关被达证不以效t程增清万列也业物精形段华候题持设因土划级快党都直边b实己引外命计看但0至持路政分也越d生技场写然声料时边识些矿才动理万9头军应增须选所对论合和老程j便N立他具名工那当六确观按越e飞往极边以年严是定示业m际个准手我群z界条精质候七准专从火深东导期满精形d深也S就系油意新消0场七m老难又之等往要斯京即南声断书表部q次众很不对低民同认战感很际照东最美而下代院上义包之员县当统单带了员多们v格处段把并相局使因广也界k本适广白京派者也O向才子际江时给二海时响设复身更强状外低严表n活经将开里v时状例头着内听设工技五天需我统前县Z片养物w北方状五空根五关于选相yl活道平行想金须国单学自老式而情极步或活q精相明空1局式难素i级响传对世历O大那一求位报采完见人积适克要s着0务两查队元候命方少都理今思f5办究革改响况派集值制自一厂fy过我全值果变老问反号周连支三JZa五主意具总lo地米Ey矿入门v农P如先高你手方k离花c又分受利区意们片根被十成几当设展K然段开响先应应国例月年特织多数x确常转风风必名四京响科H个P历j体每广w强得院精d条道计d造原风总使F风R对装步9d正1q具加光人具价思着理员展派心六火通程有应U照己别层进历等却维六太应包效消铁识果人强事人叫相出教认中省今南较自音主县部这和海学据斗x解M军a向识走3之很济写门单系之众元约长导八声队体老省全难义pg七生越元下林用计市影wT比低很大战极包物真增流布产空区Y斯话万门不装应各史干技那心到义也7还也员究难亲史二部得9队T使必明改严史半者命pX划期系H4主多统权走组样今中再许飞或转到建律保青A组G了六作越eE争张感且此g快好认使主外书他b再义效层能速音术它L历达然约在果群一E联列向经过条她具委其众见斯前与技步飞两领布打打设E段应持收他业些领计广内情N保交将实东议人都N低共动果以至期证从阶线离平步直元形团对切加n好战k多指位积内构达技线r从西空查手住产区飞派精都6型级单主例流来说际能物龙的问所1满时教团电转军题应江再w指动U毛力则s个角往华群党发重打住地式保工手转土m角X线数习层期产住气平百百导联速持向果与工uV油容被者引I它张4来力或是常京器会着造术科族至采同接民一与千政两结形划5素以那明节决B转了备想火人手属确积P一导委世节天过家无机门管结品生龙将战及保受日小同有J导般一料成飞4造联节l变于组太支V易计v究发象0被见亲制解求报须而说日往D型局w直党划么号流合府把为因参采院情际j至老于际圆委低油团术时民集还za什又所候少K该局名县量响八该报持问e动体维第识通派类议Q治象路适便热b对温c位满w干工装得率条关热规基领活务书然电j质斗造色达即直回z效我完程叫S改节持H前U认老至将道等观路但再指增4少参极造农花下k等书通来委马离持族又道据则活气素造她会程处步转向就代面名华X资不先当白铁表手h离三I白许收造的矿品所例且社毛话1山h始W9北消构斯查而0太发将见备办适她将样全教天收新b二存电算确论国你统效向领以者山但k正看速五学得给使I广京儿满才DP体了上究体中数流个空知指根用V报引开号立快人气jV今提音布理运期厂广业先Pk场识亲全易放专情实方或标战p说照近e价专N消出手主那收可群听领数把计养日元几须E此般家段会酸己省她观放无出红e劳科商济斗B织养z果江么把米p九置权满快许器4说往精9变连选厂内市府南气种照代求引严化又往且立但断能成才研土得马精入走义被直维样立气很q示心B往采持你这每制L劳民总Tl白线该象它国来往元市政应信该自C装除管革V5眼飞公器流员T采事1表线具没同务常t金文必被R号六圆织带规素置线必其影同斗区活传包装解便元备派劳料根叫织老色DM战b快争次则直选单以里热严界家反划目作南只具空养Q反7它当小米明D但影关行规K广般的发对由接L华t同山亲你度强y称图界第
  - 大字字号: 48
  - 小字字号: 4
  - 小字水平间距: 3px
  - 小字垂直间距: 3px
------------------------------
开始逐字生成模板并填充...
  - 正在处理大字: '先'
  - 正在处理大字: '论'
  - 正在处理大字: '提'
  - 正在处理大字: '安'
  - 正在处理大字: '叫'
  - 正在处理大字: '当'
  - 正在处理大字: '斯'
  - 正在处理大字: '社'
  - 正在处理大字: '所'
  - 正在处理大字: 'J'
  - 正在处理大字: '计'
  - 正在处理大字: '关'
  - 正在处理大字: '0'
  - 正在处理大字: '产'
  - 正在处理大字: '形'
  - 正在处理大字: '铁'
  - 正在处理大字: '置'
  - 正在处理大字: '可'
  - 正在处理大字: '所'
  - 正在处理大字: '素'
  - 正在处理大字: '验'
  - 正在处理大字: '资'
  - 正在处理大字: '具'
  - 正在处理大字: '上'
填充完成。正在保存图像...
------------------------------
图像已保存为: /tmp/tmpl26rvoz0.png
总耗时: 0.14 秒
------------------------------
开始生成图像，参数如下:
  - 大字文本: 革干论如儿个正jG历还广也路况联去题3Z成k问快...
  - 换行设置: 每 12 字换行
  - 小字文本: 边头复四来头毛小包关接高力5资列1保来地山九n各K认严制明美用处快个研门斯派矿素记取办何质今织列清件团先大相半接队技空史R何Xx层大万科科却义格规此难将体消改没却还引上华再个南要上图除入么位院称放结连h四高过门眼眼元出状入制保mzl低县美J精般原Y状今今收众断该下机管大系该成z装太S家行必须术的共后1段任角九样管说现根然石三和市a收什强根省军结龙入八情转展况解应点处U改片集口规劳装身种话流相两律心造易行越这确断r织标斯常7多离基律省自对军L物近根须活q离商低米间亲金结山T3江算K府放采市产矿技接研维还t例对d集社X第带见已认书Y压确Qq正领问须方农路后证约新才条公斗些少关公规完h点京法且白达切位什实高治外学T五多叫i白给0形在写马v响又2指深识电较华术党历她去治同法件需米意又任连层在为亲被影验k热根收术三再心去放导构由类清今细家明家养毛己进红界该快很领儿文见快定土务得石解称满安研龙米易增广c最心白D不定据工龙y复N流世果易斗层多回质场e和什需我候听改办机元调又多科级切意实花给反家角想则电人当更流根4生和不务个照满何阶在正的V取实u县青米号记话于便合任会火可市场使机红达头许当及年适复w5成一太C任如界派布很王实打社改适军当铁些万D眼领记才常种离消支c式识金取rB步么石许江多放界国已L七天容物别质每叫对族越按离主光直段广开示P确备后直么己效速才着节油五术证规目生生照论单准t革清为严需2易打界总候过H条四历拉已已起K电员眼复长况志须采农报和法布教家四包气开张z条规时水M之书图群I很但农信式o音E始权热据线E就低日西叫完e后值分难置心温军除过人利府到实因立局治员心1养5府感X识头m式次化济打c引式委指流1志什需情u即形于业文组利京重做济水比话争只在型音情他林流克规几L步属受达步其土圆设才提命去联学合严步没才确京A近过在民书干值问型基置再u县交完西7形角除门9外况府少h权日增过空面S拉亲边r立究清它族手代委I战花时率住还主5大想厂月高米存感公展管历d运已花专集角面他极回政精布新具军点关响么万点本特术q把位始能学边去儿但天学值议思她如儿实定看H要联工o一整热样意天命角把9龙求n数管道连今走采d来点物式千种织l表常红保群律S及么约段证使于价自周数只门听看BVY毛D到组能之相这比记M如设元由于口感根选y拉事及品重件风什实又政速西六级教生革式连政满然联处vs见级真没无取K个任最程织图精思克元般土通Y局器族断里然没们新会重主所时九速却行京资线走历标而公近层w实接如理量她包u着一消况W建理省加只为样力须人多电什完再且利关会目七后X展往完u之c8好命青极计七老分何劳E示任务活老I一它温用就数W老电hL千程门周论海Y准九至结院律身非县因素性公f加命机都应两六形受号由b并千义报国理影消调结2适听持9月点果两达加斯路观受格带例全细传他角加q众由k道文由象眼素W与难战传万率下IU为线要集或教活革争5革K电性容合在是论飞打斗无养山取色整入响定采列k资设切消身拉高育满研支程力影毛元非B法经律B细总别石x二段必D争号Y易h列安公他些王使没克往x加九质素相x元问平照布I专7天同小状比选生主观Z权群我N省新s能2体设省消第做西南放群律结体手a样色段我联办半办得问却没消长类建电十济军目大命每养需太会使还同专解场9变报这m没飞产工据且第r也候件了种技油转来角消必斯许或利表a党大常比力据出加象间级法展进J放县门多天特还经图许运并空k红应代社识时些D开在理办再3已委本U转决维列几积代f院计定人X青名各工参0e商但成斯华金制近马d经维水儿划好交包系能连满看物次况建题生组又从线a强示山决道可子程j点集水听小质中指门科与流据发东阶A反就离形品难调事响多总例就把正区说连传这必v物院并之高土细对影O根目称x适大质究节响把记f北E社她府期飞天江示t生少组8几划料大土步果R织出义角信式众达金时0pAV者能车只发家四主地和把况j离们知具历金习F华证手受离各始方干速l方进北西件s8维道养果参省所眼总c住B张出改按山Jg成农结九识铁即管前选d飞正研z东然Y器极使据到养个口面一一元候在现重J院组议确真位际收标十较说中该又比声命值没且B知也m自音1音铁里法料准维f使资支把群适她千每H非至边争较心x例义合每y常引p权本己切别号无明半京叫何I头传时s会题果太色系图社六义明连这都Y机领a象厂意委段代族E都便指将是
  - 大字字号: 34
  - 小字字号: 4
  - 小字水平间距: 3px
  - 小字垂直间距: 3px
------------------------------
开始逐字生成模板并填充...
  - 正在处理大字: '革'
  - 正在处理大字: '干'
  - 正在处理大字: '论'
  - 正在处理大字: '如'
  - 正在处理大字: '儿'
  - 正在处理大字: '个'
  - 正在处理大字: '正'
  - 正在处理大字: 'j'
  - 正在处理大字: 'G'
  - 正在处理大字: '历'
  - 正在处理大字: '还'
  - 正在处理大字: '广'
  - 正在处理大字: '也'
  - 正在处理大字: '路'
  - 正在处理大字: '况'
  - 正在处理大字: '联'
  - 正在处理大字: '去'
  - 正在处理大字: '题'
  - 正在处理大字: '3'
  - 正在处理大字: 'Z'
  - 正在处理大字: '成'
  - 正在处理大字: 'k'
  - 正在处理大字: '问'
  - 正在处理大字: '快'
填充完成。正在保存图像...
------------------------------
图像已保存为: /tmp/tmpse0fo5ij.png
总耗时: 0.06 秒
------------------------------
开始生成图像，参数如下:
  - 大字文本: 种头B细增信世都情青京式力真切题须P话月问五音铁...
  - 换行设置: 每 12 字换行
  - 小字文本: 更还价其你y4斗为着看八少生类组题相持验形能界然造色报4科标商复术e也会连今相oW向想去认斗土反气产政太白民群劳验理入据O平育到些总究群毛做几必程的称它史热K今B边成事火政8年把你命7市方放形才决验温争除标加儿广期再也认布装约保成路又M我口明产头个委会技加她阶然识题报R易必心快切北资又如建8历变三还气听准共精根次院消p把形律造级任历料格和太每s便t数先张题知建b把地务西党严导接金验些研何圆有f技光构细制必气重清I起参回适文音与广步比上按张界F重代但京毛会确7原龙市公农什须A张m况作断较飞专b从机西给经必取造d说飞等价量习四Y育与认导可大集社也众之农局近农情究接委受真半造S点青世把给v整度东广A单被2取图做今极场处自取件点l8议分8号它往形干反但7北红便p革最5包h打养程做精r回个取石w类养之多京G建内由知意入3圆o内布省委业半要两g容回除示解至类识历团门样际造式权委特由们F候社军级N还统门济低0间志关空派0者很务引以将k感值住酸花元老验为自5问才满团面置比么日酸整于斗规F成务天造细后X社物走金至王示层们特一林准w信c海指放3会话级他各情r以满提0但论这毛除进照第P角O东由学铁着1比党整记马真往保青民头5严存作满关解海角k安中专特车己前接G4A2论交民子C格社习中流四月整0记C东度一万要之由然整v我事选员区从很3教响教r眼清满月示生她更儿通z多组半体此状B今回划j没过集外其定的油称工统除器持马织式同争派越识头细生布它又达要划越共2提M清元热维离眼美合上则外子出r维别传系总众取交g能它v周入石T人对同行连验也听一s思品技得识q如还心T不委变并代价儿流通式下但a界难书办速必可专名研等理明导区经严很s量史来见象团X她也部型手深建种须今一主验事复等任格五特2群I应转许1合金定新此A业金史利斗分z阶7备太和备管确H技但联年美接党必去个世好只Tj派长下m入处照济始细长展单积近维当农数代化规电系利联U叫带成体A才传据点最所步矿理者展海劳2内结m满化长会成化识事人十发农层好此给北越越q件拉才列Bq上研几习速知Z即每qa复常且决准能四人战放没信回儿非它花增f干L才此最需准元电后二状派查u半二l特场形步L四单效样经Ch区见调该即织M手领七经7快务E维进东H电万N导已特S较性公四照周公标改y连习适必院队更革个叫次书话发v育六空道成办格构斗使军间八外少l只改接9据着联见什列难土意必只期u习求度D众线元学术毛交代导圆着那展话细常研议况我处值会C温派整长s国大热法V法门o至民好话次战家出及率O体适法光元总已S将M往般社军金水实好于同根I见据老加会易低周油根马回样使要车5v办象千4因去求的技们C级米究何展己你叫家接具利法响存选越要场口支建g她内应始着p色度老达去真国受文过质标质去要养G社族到任当二色科h参M带办领解清接子构1众门县回日世细对法快要入持具f六设q小给展但标候接线开道装知心他育U断期统响并情色正段场分着价叫能流置团者叫同小华几团步管问目到标其给要科手T要了已太派各回开劳接或并4接问酸A红说积M想图关调究热同三查争三位连影去r能议e历力京自位采动做维北W产组织两叫调W专E交调关强压白关界作些查因阶图况常元性级受资术己为至期重个应二9和然计查命细科白与平候利影社即先本易全业二计周世道场又压期引华技酸c备红阶自很织从P产5易华法L期也志达增感报教可中天山本起但公易应品原少样如际商去D学立位起于多科务称应X干活说拉果须准年是知府意积并所些农查是青料南育温见约J造w方产M如是加省进验证v题及就别义具拉争8率t据省论细总科感也m基格每见习化头0身车写低京与林省由装v意法期九着色市验气把定应公r民难达造u方半候例P看前则行研走及关白人青关保上最青通q代指然且问相复p类prC基W因位必说品又4线集增F通民候再p音起接清场土H明构持从阶无队究期ky团拉油说响特解类民公正根行社术强率手书京过行养想新则大感划派资能器原是类N求重能民族江示包界路除高积必自出面九名主便所老做U空最音打音口原飞价八二设数着v提的少学十商己办W地斗给厂治此被眼空万面电Y感才图计备义题通增受它c小张几阶C住然品容且科民类铁给数活X际需小程许3全书由组世多队之快件日况议程x类T快农安确世需八改关候类备际交并话等具儿除月事者带进都同反千y要较状起L更j东要为太都叫热众5维些反队基查查于则q铁场八已林的国际
  - 大字字号: 22
  - 小字字号: 4
  - 小字水平间距: 3px
  - 小字垂直间距: 3px
------------------------------
开始逐字生成模板并填充...
  - 正在处理大字: '种'
  - 正在处理大字: '头'
  - 正在处理大字: 'B'
  - 正在处理大字: '细'
  - 正在处理大字: '增'
  - 正在处理大字: '信'
  - 正在处理大字: '世'
  - 正在处理大字: '都'
  - 正在处理大字: '情'
  - 正在处理大字: '青'
  - 正在处理大字: '京'
  - 正在处理大字: '式'
  - 正在处理大字: '力'
  - 正在处理大字: '真'
  - 正在处理大字: '切'
  - 正在处理大字: '题'
  - 正在处理大字: '须'
  - 正在处理大字: 'P'
  - 正在处理大字: '话'
  - 正在处理大字: '月'
  - 正在处理大字: '问'
  - 正在处理大字: '五'
  - 正在处理大字: '音'
  - 正在处理大字: '铁'
填充完成。正在保存图像...
------------------------------
图像已保存为: /tmp/tmperrbc4iv.png
总耗时: 0.04 秒
------------------------------
开始生成图像，参数如下:
  - 大字文本: 信变七养r命亲学素质断可于现现出二代团四国去持到...
  - 换行设置: 每 12 字换行
  - 小字文本: 值方被H易必才就位件家百开科反n东造除最V变水资因按数F元美军备手发Q天结些出化面们运地研族研列亲们及约线7V进热热价z前近广Z验们往层O经矿现w节共而边这强开制事认老5林十说亲国候W实参Q打龙8装L除高专划先价重品情段H类影位L回好少走花图军这量世么马对动元马又了生传记信及造交老新料例集c派上识百事Q好边2眼g意叫火书例少才际关打采委列国的Sz儿HT装织无很识口自必对法技众圆色v织使周则直名如称般话b六车个1业众所出集力历就物感议点料派提次s加那分分历指U记四须标量法路决权华进制条两属那设A位本信管接入都务点Z提声万办无意史压Q酸几由回切连按入期解争美L7决万F通器周已教调c出南备具S满发求温者化8党世一红农头华才作技作称音见在j少争精易金以意期历题火米体集量展得克查教业型千比眼y听如口线l后参阶利属整立多究g第劳白新1者E4全志研场话斗确感强位eS土报果如难广已电在书主面律劳据克等只八重农个美近W就叫此7通感元学石Fo会厂活海称天M5次青当这月这济问面油再U见质时给干并他长着5着地外特战给一片干值7需我包较K农第四及行型么调外京最称式置改都南会计张力水声记王级究A声放大联去农中使相查需国马局及目太万程准外又又因革元运前品局布或书线清保非器一教种值持商种千与即提律都然比机过I有给往定海热斗重支热院土状委合g从于争自该系极段难调十海称太定该目治毛他结自参5走人精空阶制第多生部候石f形话后东观政他2K却列即使非集器形S交样志酸作米展加l音才单9组过流回元期生水所里了却记强矿况律日现例之复飞党空行重看类己音0王提达眼子格条cW看质M每青西常色起F就海率军度民始她安目d查并红公系书设很年解代代际阶阶林山头满严华D心z治打加各示形决离h料认确七规9般8省9反现看制代历标难适越第定只化间县任起做N声革按地观包关与P完拉切海取全长多的料六r处次WB号se都种完存消特行会联克速音思连方等行k张把着型连关如传她它需至记z果斯因变越断何做节但易参观社结向由话消识县名过习历相老平解全需记拉市使明世却省S进水L机导斯d区报能起适安世江去克7结马本时边万查总江清说Y花东例所组圆分所收出向v感色少之县平级果门而0中流别改门者目X保传转包回集选约采候及工级住U民走能都见0保如格方示交以参k矿出基样上时精究打Y越都7例提识候五型际道老院强而件Fj就流相9U飞都X被3明农局约度别容少东传至向总感c便问团众式精又3及完权求表子状nU用许结史阶领f年几部基象飞带件U后响备影命好是位越又专给w会联始国亲新认般B2土h几已元战克先花酸规里办S空步对何无流当北将明y龙认会书S受温区候U历样往民六美组西观T示长民k斗形I都变规土传才实展社F大不起标o管名流代候白领则及查们近老平整主者见维民m量花t没需四东共和安矿实备构联走用n取派严史h热科行利层走单治容治t所角场二员使很U说这知离广干解的音就油里米音接响同不方什果线任在可大在物高委使统易细e们后约等r能N再年头由或至是资南才G状用z此系过毛称指片打响活带看如t达题整等必得E热局加提属率示立时量第列G子极p自并存况于布g科t一该问s群化那q去三南已世器度低因一这面外候力关太角指半江命极机济七有M确生层月强以务路少先始业头空g验识f者离动z们划口0建8直看置已世利系见色难进持F回员明给支日状交识除起值从光头o看办整家调何除没几系话许它备矿加行月流提适q问F然4点x水正族程内入期效2府联p克江除且无G小是率平儿采十样况集工华F且百不N引三下般认况始日文离两工品南周组来府老E先今为龙眼类号化参件来b切而以真利平他处相史越展带起传米风层什边其制山必青布行很下会果住世属住5向比w应千解走以老7看资经c增然I增支手月委众素层K红总变保数维解引如争达候体系型据速d美开写料众个群命等了月走知得置即认存件带片以革际采边家约示识那带候U备不支米家革常因展段县特书任按律义业品者共专快部9省之必等各外打她B派空部产几很事导采动X间i价社D叫装说分入王改消6题都K日农命究然度子实传才Y论权千治解林即题最接被水书被ef时边才法Y电半最圆统题调结论王关定I产资今己者我路状定们难记了内x心间特等并点示种眼知其D始办新张k下叫阶影j很照我南解五观E回七R等飞F王般维局志多内团严平号飞商由党办南增基细则对养县上矿资指a例究中a断指h论才长住青水历明质民验主且和感又
  - 大字字号: 76
  - 小字字号: 4
  - 小字水平间距: 3px
  - 小字垂直间距: 3px
------------------------------
开始逐字生成模板并填充...
  - 正在处理大字: '信'
  - 正在处理大字: '变'
  - 正在处理大字: '七'
  - 正在处理大字: '养'
  - 正在处理大字: 'r'
  - 正在处理大字: '命'
  - 正在处理大字: '亲'
  - 正在处理大字: '学'
  - 正在处理大字: '素'
  - 正在处理大字: '质'
  - 正在处理大字: '断'
  - 正在处理大字: '可'
  - 正在处理大字: '于'
  - 正在处理大字: '现'
  - 正在处理大字: '现'
  - 正在处理大字: '出'
  - 正在处理大字: '二'
  - 正在处理大字: '代'
  - 正在处理大字: '团'
  - 正在处理大字: '四'
  - 正在处理大字: '国'
  - 正在处理大字: '去'
  - 正在处理大字: '持'
  - 正在处理大字: '到'
填充完成。正在保存图像...
------------------------------
图像已保存为: /tmp/tmpmc_250ml.png
总耗时: 0.36 秒
------------------------------
开始生成图像，参数如下:
  - 大字文本: 代率路不铁单低不油所空共更走连具温治带增例事专所...
  - 换行设置: 每 12 字换行
  - 小字文本: 华北完多党多联工省取约学以交断算想度她军精程低确当民标层红五史领七能子确毛G安之提断划七i存值员才j运特方极家决听节五边议取光何反书手收照2因等值上然将深情积厂o被必土意儿系你二思飞6义z段所家题提美海门王F常义主发情拉长再界通期速九约再族解严能很制约温极复G集利派个特据E华委ve论资运量断们论压地关八那老圆领明厂要青5打前光等消经应际G义P第信内省阶北算Q热持R江O四拉决山G须多fX保维压J信什阶系属节委张该给具说解声据o状期许名X至K本相近毛多改步圆精Mg历叫o图包己研类什起大开流斯成表地代高方气当办8求后快社本速报治出断整场调动以质v空带便达就构外l美接二感先海现hc由月已史6千2着习ZO话算无按温局断活y发参M以克真们作太局命x回那难好线海正能月元情解节部油F参山育往值光属段办g素o温本他法水B己里验CH克1半海带关相气成县Y目江信根传空而统点而常于农U共音太放片S那阶复先多价南本例场因布参率口千北林感海有家许真农两向五干4结由儿了类器今用3r农i层军议段圆角土按无群领质连容不千自头火将门步天管t省口管火直商E龙那务又j只中金形物革处中也体图感书长酸身却立r许做定除物l运理需口几然切亲r成o会理立构难越几十处至议始名斗需团族形标克数因由必九阶单标受维物油n四参强改M头把自党口易完连才造v样空里务受老术T议以由政没积始才常己南8实界强收E先被习做构属o叫表斗也70到广西J志率C全要社领生农v高之验新命切即开入认气类确按劳过自公知eu性色京声位克效研联他给单越月全步布联红不务院N几FY安值w土引者这提参才情便般员八求相只选与资问花行会压P类做二两容军J备说4Z各他小有处设成厂状亲0华市书书线改来想反新风步越之放A动历严器红就将火I算i及严革安局C量二原想e果日家无u1很克它候身长说战速其b重下强提M百入段市议验和区型她经号快极热们快步可易z持真报层理第里被9极斗具花如例b不温单分理世作边出Z约场物计么备文9带提名单采质o积新e置文很年消I温d持长济军即展基相火U作件8每9质少民了多专K究委P出山求老始厂置我入大阶式长据题改车养治儿正多斗领相现带积商并现书何带V路厂走国取J质同市照开观表过工空地决期究与先5X得事包心华0线8特体海R选天流存省把干空毛期将F单手共般mR用地式切需R儿那之光长BN属但算2支u任所况o任r断气UQ存该y参三叫状0专k质见飞需料经方是片Q角自统几单结值林关细算事X导强完飞科到界第S写样候学几好九但厂确民步多流两术将断改成求天产式整能x革十得做是热没开军x真合使业除飞支规基离u见两使受料g3Y气由社商最装导人战战国回离现米法领见西达斯分度E习么直产来立程能E界没特电m各采在p育产回A群基八之系日内音入去多品名向c得算建能铁表治D术不科然同口年科领车百学lH学万定万众品权它领日转l色示指能照地看C极年易情高光使因严按完取这者a第料关界头一次周究确阶却造四我东格重7快取机精平指包成派起步A党地南次提自根格L又外q江员政m光它系特因段效至意论元格深离信据色铁儿面石线P路而年确面些管情地温酸容T严从用她清许段机交前适离才改议T月引速机提温道领业质必总及学思称油龙且7然开海运构对过一当话内传Yq东号温装么工只阶格展观团便任速什米科严t教家物局那马还料正便从主可因1族论识c强权车花断0u明学品准角所再拉能候眼体A难政果设去住期阶水实总原么家制眼话她9家问想K所许比度科七调东志要置下度文类天运建因业低它总但华用还路青商产引属做带正些转文料化rb备决太整在性那九为观样信酸收争x报长百教导安图身带律i98部C安教型影气进与段声界时没活十京提酸JFR四前机保力府积较p志效Z特清支日种两发断布总京说儿你队率Z办算结些中文导界X装9构队车们R再真题边回它党受前G开么向程习当非q转到高s是节阶更影作车照技易每代写公法一率打人下线比米深t持K值明飞点她则想或事例满条日V接京家个k则非向管各身须半适认五节则院7世本安转转制军y边部原都何来毛的不历光商八究品N派低信也料日之就叫入前压保共于E关历R更把管色口他三间全不T应i例效质市O发T关S次示世离2史书量她区产无日积层我外pe众进也王温由眼基导天军铁商直支公当思集日铁持置阶已开难战名四明识总西立重温革着八的算问k没二Wf省也命加又处前价则程民由器大它但三学这革基类接王手建给现工M见f算c然
  - 大字字号: 50
  - 小字字号: 4
  - 小字水平间距: 3px
  - 小字垂直间距: 3px
------------------------------
开始逐字生成模板并填充...
  - 正在处理大字: '代'
  - 正在处理大字: '率'
  - 正在处理大字: '路'
  - 正在处理大字: '不'
  - 正在处理大字: '铁'
  - 正在处理大字: '单'
  - 正在处理大字: '低'
  - 正在处理大字: '不'
  - 正在处理大字: '油'
  - 正在处理大字: '所'
  - 正在处理大字: '空'
  - 正在处理大字: '共'
  - 正在处理大字: '更'
  - 正在处理大字: '走'
  - 正在处理大字: '连'
  - 正在处理大字: '具'
  - 正在处理大字: '温'
  - 正在处理大字: '治'
  - 正在处理大字: '带'
  - 正在处理大字: '增'
  - 正在处理大字: '例'
  - 正在处理大字: '事'
  - 正在处理大字: '专'
  - 正在处理大字: '所'
填充完成。正在保存图像...
------------------------------
图像已保存为: /tmp/tmp5qkqemio.png
总耗时: 0.17 秒
------------------------------
开始生成图像，参数如下:
  - 大字文本: 华强段少米U路油验是率众外里确教候近h院置的温期住着带动包变...
  - 换行设置: 每 12 字换行
  - 小字文本: v列标再万提众接眼思好量志带连同太劳花基动Z确张它半j回声M金标生安合查听形青l省型n办下地光上状高与认江活车题红多持积实j给起到外件风形例才品所着新市张器习Q线按据量更色yd王数不更解力除斯团片直系低标老处其E加上认很越育况效确部增西于状油可了是质S义着没说商之4儿空走心因节79劳命n出此重红被养达场龙q自交w群历经值产头日算计去置交什题满e石几里增由和F想断问来治V业属展或近电X标四入候与东工存她率道强按第造按使L对G称龙派步c受火包调低却更什O养出条到合约心五号u济济人值o改识书五表过导资地则接万南D风第光消维m再属其k间压E支位种步历难保54风好术d社际复却从米圆派公与第意资给话意标速平务始人大而回什备全向不原科面产米那做级少治路W路周切或手标改M标vX受家很联层动所级图高准你明提被适很便点维准别由q现非万计is每Rj北儿满年马可分候运按R线西行再设风社革c素S记快系用满及取养毛派代o边J道装立少据展构et按高a中受需书节何合管运整效毛价性千果员论入连O3各位格写油原作思主区酸众术l感眼前k两斗拉导长力局众一断事万花义花命作海查论风层Q记研人B们果程的层先七且型议华华二P青速质还完年示例经市何论比劳开里目h下儿级必r严任验代议难装非Y族音马次质清确T美种况多化直制做按他来权v五五通体问按过响写支千证段N干o难满行龙十真什会R始过引为新始江族火日1支再市也E这少者权持由品被感社界百全作研有系称情记变Hp去可般1县积意报教学处近开精即X身也参场温u广育志写U道必年中车进感社专组s想书里分7节要什革往住v员上毛克建工指状何装们K素D器强候I开制回清去R日儿已处进全北图习r拉好且社A道y还称全给SP论治TZ级再前应之历增加群教争更他领品局Z决员果史转山月种布去化安比改家广律j而革好受w天民更百山原话气白北热月c称每段能s中发证属8k去领安根就别清选叫西深此Qi题际拉专门r将理动政消题共组代十样里解同火断度才温热作般半研几率R你却快值学和克入各角时7查展众制路能如7l求实需青活领则选YQ三美高c把写南部那过于二支报于矿w你v立属式算数低社白表类开6商发划元角具素么术品油了质报院器化z则立气展自民步色节原建识什位己确我会知查车色其就期S指组1世共带风本或往级m线自六命高W务从系数带生思低二来m工记3土争能边道并专深叫制间不克住则治能就到业p区治只红济只两色看共运8事称型3高1再拉文看必放飞关支采改能运响历斗名再化外M装该小j及志名因才音大美或家府题大她H取派际备矿型应状你断员青h提斗西学却求便7存层四究力量亲代委九间fr认件那定和身还革织世治头装布保他开元类级好支从转西体圆k采七放手省称今安东头节者连一办整速组整或约7重手它程个工能着Y争在生是改高家就关史们目例品2地身以农动战片人而门证利给文花千除I合生图并青思米世队九来给Q等大易位实系参人按j家南片会众且实KO研e八看克响区月证头统况段连她包着机金不是I和容四c做合济七多团新院合把并周界己形百准H温自8千或生象进东特改论查下容于中常产2六资传或八重那kl争真条电t温级Q相nt位常什步世件构队定音得W形委水还就响命明证今这律整种增深J建得c本相i列4则主调no心专领来作活较革族养领好真下来加级许百最识T声际史放为之强王有s边满行眼住开真满商2最区事教各每已3众其m真z如米计务思组段想山区心代第走资命算点角养安酸拉果象构就其层收拉非称管话k你没多包用术状结打采RC层H被3Z厂斯干值没器片节开c世b种界产v回方在变业p口义发情任6所话发质认中会感引面重层持当之格至明不方王数率传两总况满该具给口起没土连i通也半习Q指车定H况约由Me信做领到8p法思响持完复离人阶相e飞状老运带收毛具美动老她才进备车带量近据则国却院农号总R维U办件议干j报L海规众划话人H代半她里记正保始形重色此方拉业压志江先战土再b又将约便加u7b水正一党写装每写争龙00府d至型程感型接团就受那查以声万年布报素期开界子习相军节速口B任今u条响七经被消解认立目重然长率委作才法Y整太构p去有八制拉分A数京长属农会越张阶进经或程离候都A治下思八Yx物下法切步要他Q流局元保问b规非M道片革月产2m火Y料目角3公张入别还音资样她军知中必问政去毛京的0种及接队快广名育节织热节按天主标物g第a第每低立革上这比p办也交用龙b声报看半设准前P产他
  - 大字字号: 34
  - 小字字号: 4
  - 小字水平间距: 3px
  - 小字垂直间距: 3px
------------------------------
开始逐字生成模板并填充...
  - 正在处理大字: '华'
  - 正在处理大字: '强'
  - 正在处理大字: '段'
  - 正在处理大字: '少'
  - 正在处理大字: '米'
  - 正在处理大字: 'U'
  - 正在处理大字: '路'
  - 正在处理大字: '油'
  - 正在处理大字: '验'
  - 正在处理大字: '是'
  - 正在处理大字: '率'
  - 正在处理大字: '众'
  - 正在处理大字: '外'
  - 正在处理大字: '里'
  - 正在处理大字: '确'
  - 正在处理大字: '教'
  - 正在处理大字: '候'
  - 正在处理大字: '近'
  - 正在处理大字: 'h'
  - 正在处理大字: '院'
  - 正在处理大字: '置'
  - 正在处理大字: '的'
  - 正在处理大字: '温'
  - 正在处理大字: '期'
  - 正在处理大字: '住'
  - 正在处理大字: '着'
  - 正在处理大字: '带'
  - 正在处理大字: '动'
  - 正在处理大字: '包'
  - 正在处理大字: '变'
  - 正在处理大字: '方'
  - 正在处理大字: '清'
  - 正在处理大字: '着'
  - 正在处理大字: '办'
  - 正在处理大字: '总'
  - 正在处理大字: 'i'
填充完成。正在保存图像...
------------------------------
图像已保存为: /tmp/tmpsv5yamy0.png
总耗时: 0.12 秒
------------------------------
开始生成图像，参数如下:
  - 大字文本: 九jI命劳q比即个离定候许活W后边四带办现内i少...
  - 换行设置: 每 12 字换行
  - 小字文本: 代8如单活支着0调八验x响高除L日价几参往十日T记使设手场东知影车不张说即名O小表0提部半活子长常当劳火矿近z容元消近8众车法划拉面派更共离从证电条采院多因力七日区传传复9段温听自难义高化都强则参委图支都反问9Y太d己治华向给复干者气能员目律要众性入本数电建或改样素进i特Q劳广完规S利水美着通回M农革断法几从个因层做度名条U制极每电之点极团x各通农如于z圆争大保世是志E点时养次节是际积何因革原花四备海太力厂具当产人且当造教写育始身族易F正族众列心四区他去使地是步保要样消法所位D己小资增A教目王两观己之品准高住期边到p万近r没命得太得5E与意R千正度员究界为所立例增交前酸容2X持己研米工者c需好按王音E究S示E毛过具西照器生1报子土约作及事查H马三Y去比m劳产已oX土强正W0步林己分得象理G之育复酸张五看验三小连并具进外山少系着形义回利5约儿带对之民E正制气质都位比Q按最林八记着务志拉火主先十条重务H用温日管深收示我7才地作听要在目较己斗须开tD产门n当存只历片各地位五眼带记区大三老得例干老定亲5类置个资那压务文次权积说设状放半党严q明队济划除别转半不话写习红6商且业过南米义海称着列电q从展共三许难信之省南定活后我8住情么光值标中你段高y八铁立而果建入公1安x文示可车G中育2段利书至为无土情身使响求易论数H确江i习选w选究据将响领须厂土性r新始克百积了R位打学力特对即更放提观马青地学高起着称角外K许品H的队米战火象金始前划放它记又水则厂在且2状家然府里话对机调算生置照知办这则再消近长样酸料问增通角ib切处还所济美Y各头速经物际Z角设交感头因华近天里后往单精作一阶照说儿E易展么院究Eg劳行法再p书结圆能例同G比复象及保决级万连物然回法热史生系管u众等y做基y斯千从6作力解去间n而5情3界还存l总说声张话都主年如3两感不划确影日分院九看作i容之构压往书9也能名三l克图地党步作每易E收较革大转议四低性处商六养J省不料那军六美V口8声委放南选最日文议制带看关同红消象关则万装参主也他济织给装着量体传比质车没任亲标证什号统张红情t过么进管高响方里近造事族说与收被号界三克四报通管T今起展场经天从p格选干住义eo队个属华那知统于造sg速型种段集i转量Z花说专四Q已干信无今已有时济革算利里s程除元两光b劳U观引本间增部G但活照2子厂或斗象群动原史内么并程一度自工才低交n意行下un引内风交断上带现S现用近S引效指O走到写型将共复都制非战成W林声3百平众问段应林议走备自义党它进果反7区原九形会治直放结四产思好工素L题k容把A位想全行斯a省J太更并养代实按示写和r江素就都1世精真n务划养元白连见级务人以空料除龙把员k办以业四7法明f后易Y与必处两M商D到y龙今入性张毛是e场7斗干办油子X争目b构上品比铁意团受空很何压法在阶团值南查往京能容较至两走Z些空万米接联究很北将关有马x具门温行学最6例何A公色e基王取学展太命计求p切养外做头关年0十m亲特斯4化动东九东海制见正半前并了适国需毛切前之或林年能说习到过则系原白7低安多至斯严它志应年看毛改么准史济个器每队传设但还书体第越织会点马民代划解组类力调规容身小值构儿矿联决个该d新易无半入万f细作点C大然油8级包志l打道Y实术根里头s近向E得细铁快据分条提革D空机C中往大清存电算起m这影点即不今备单节运整然离小j着油法马外i眼眼构I难物机二系化同除图对那什土过团每示己叫4制低合本b公劳2着每做到非克知起O经传必劳代f圆过又界格看力北深红4KQ今4候构制业象影则以口思亲步联值西但平办感飞4知是步更一i领k支资酸k总极Ik素M代专全党平日克达时数周5走n精分决半织据历i当b龙着响G队空实己该写文都需劳直之先内v物下适书d可必今程少处问正经A则无意众族维速们验h儿七口D列思关斯x1例水观备x了那无E造v准非族中效才因称间ea它特外养心青得X身标我府更思火K再消己须花3队化本万细百来达J关候界育统细方来去向九处角由用形可路发身看图来步容h史厂眼气第主再子所么机太业程处人学金作东五公圆这两半VT去众派量持状当太备Y林新县儿平年流m与都队团选西给给石济第个它TjQ党J条往会资改原许k精示海几结x族确花历造还何提便议N4L说和以识门关听5极y半前集动清织作M应分思马间究两u原结特段入s除Mg做N验始结标江技处江取上U打先消支度在消着即
  - 大字字号: 22
  - 小字字号: 4
  - 小字水平间距: 3px
  - 小字垂直间距: 3px
------------------------------
开始逐字生成模板并填充...
  - 正在处理大字: '九'
  - 正在处理大字: 'j'
  - 正在处理大字: 'I'
  - 正在处理大字: '命'
  - 正在处理大字: '劳'
  - 正在处理大字: 'q'
  - 正在处理大字: '比'
  - 正在处理大字: '即'
  - 正在处理大字: '个'
  - 正在处理大字: '离'
  - 正在处理大字: '定'
  - 正在处理大字: '候'
  - 正在处理大字: '许'
  - 正在处理大字: '活'
  - 正在处理大字: 'W'
  - 正在处理大字: '后'
  - 正在处理大字: '边'
  - 正在处理大字: '四'
  - 正在处理大字: '带'
  - 正在处理大字: '办'
  - 正在处理大字: '现'
  - 正在处理大字: '内'
  - 正在处理大字: 'i'
  - 正在处理大字: '少'
填充完成。正在保存图像...
------------------------------
图像已保存为: /tmp/tmpr_e83gs6.png
总耗时: 0.03 秒
------------------------------
开始生成图像，参数如下:
  - 大字文本: 代矿包却前我口住东我动志能fdE义写p率经放也从...
  - 换行设置: 每 12 字换行
  - 小字文本: H点验便青八合根标构县结领好己价志国C局总复对比应速动量历进结N接根M研油个t海议比确社5入日角A收候共无广断青导确9行结提马一千质信指心油而场用a清劳位快万那反Z定片设业则查八保高q果号段已电业才C院界龙好保长该越场及最有装则代里反几r小科干热合有做C见美较把便信月离务包来政矿使p经少权义年元除无个近示N华资中易般命公z质去家形直较验如积wH子七月b阶见角线清到改图要在f厂表叫法求合决运照该要究么接T也严战走接克运于收离领8增想龙达林6Y却指根元马题法转史争必传商因把保则争通代条北影上用除选省单争合清长手劳矿W属商很v动格指物任NW员e边少龙马改清按度2至个打明各学矿除XU来w较很太调重展布改思然候全种具群品条并真制候o从不a山放天压先容种带为育Y的大D般知识色和近格标很节际B图vj布太革小半历Y两可说里引之l特取2y加百m南统山之机水感它共得律市保影三队P问统清意白求车领通取往Q后里外三想影气压从始只今却r平位建基教省布认真开i离任红还步必图都什复b太手龙及总林这自需叫带过T走达电合G真关不构路质备对维马没明织至行者消动水集外再治整同始元为只力自P亲在条己离文过E什更最业越党强际边自制就支通比快处这p边那半张容效她车要4层反术口深程联称太技g空例龙严子引况就给上军因不h少队正使象再处备社与复山写县五指值无四关支列D样一又h看规Vh正分斗提问D己布会每所生G众大便社时市每就具C新你界却复就六百l金林图提叫加常识被受色及放何解s具东料产四毛力计被离化开京面流名A业济学第采也只支备儿拉取压马着你没内边q求劳7Q五常义色空N0群义红难放w次二铁区次T米级r信3革况风海况集断劳U9XQ叫越引者满e联连计色三大最代下W位构设多东月示再速较便红严产风八主同世层积H按技铁增温次见步又成地集x太将何百离象数市圆引率办府完严连子办书林从商要江保数料回马高b重时z住争速按会别反存6细干府下对石专统消发动众历备参广带导c政大想S活它采平后品G是X具还按关广候Y道在E她感规群片流力至合转经种听Id劳此群太置准型被共心价林极题公本两矿y低电风就团细家本达感备变H常b断至组七温主层适r还角周问层海中叫明党细88应表0五持花取x1根科济o群c还两党京精五好v战必群集不间明细事治了认东低海展体族识飞律yK要系元那t里W作全易北四公Q育品要就多界她美将角命便见果求马无动真己细适三事传很候委正两少器口立者飞己种许什山接根间查好阶他过果半基点类南在次2林十TX又以参件但东文xV农算毛矿wA据毛位些正a手王社公报运题展共加j那出按月较象指计列设历说气O算间R原者热务流半府济物且京行条示Ul劳集需名极相酸过少段运音严利眼联决什回力据共w组你始界1山斗d叫金历低断象矿切队j大感能主亲历万近容收代族厂O没少者自做国品1片联直状候花称义处白地关则向K切z时者局W明时团飞p己品律场素l据去府表广出同风决专或观电真格先中日道到层质支认平式京命权L接马下近根qi布此4过各场他斗传团们图南相高但p政面数j极价保非光D强始增器求公东到候安明进求离思0维参整组生放运果P手y西完间化科克写名们温X细场政头为值U持接经件西温61局却列县收先联观则色更已该大条将之起反手公头强平流劳少w单便政科标斯严四对变便多间示u场江H公证速难那周O而样展战须院约列米验位在去电层信科飞年政人条价铁断界飞地周即意今T过相加如红她运者重专构教种转持深义心其关强取克ue组月d变究能没及H种叫想民经也接l斗研物h划好X可张响务M象越4四群们J来装声极也不量小写石铁究型月习极候面A很部济证军c心果热化声月快志转治压加每增集过斗求M议方解重积除际业lsF国般现识理到八少所P历农白此发转划光区究清角音U元西开l度照公何口划再种h持A可千认g员走去作员之手两却D想现选金个们离期上设根上状增传目程9保PN度地此四为联被美被V路两参受你之间合单就业S成造治国重那美其亲住决光叫习派特ECb细共当7属利基者象命效系L深步世物军革立技群节周由间质这G生拉P果称志式油入象圆九斗式却界办议议名q石克构做由那本4确外共习包展府料需圆A了共求美意导型观引现积主火l响统也它特b定放米到备用则IW第在王率候广整行以委半府圆干新派素九业管平酸识号满已学z力1格老标Z都9E温作如车东验包说表来到理即支和且走长土0术又水表过教究非都强把况目参验意路样B道条
  - 大字字号: 75
  - 小字字号: 4
  - 小字水平间距: 3px
  - 小字垂直间距: 3px
------------------------------
开始逐字生成模板并填充...
  - 正在处理大字: '代'
  - 正在处理大字: '矿'
  - 正在处理大字: '包'
  - 正在处理大字: '却'
  - 正在处理大字: '前'
  - 正在处理大字: '我'
  - 正在处理大字: '口'
  - 正在处理大字: '住'
  - 正在处理大字: '东'
  - 正在处理大字: '我'
  - 正在处理大字: '动'
  - 正在处理大字: '志'
  - 正在处理大字: '能'
  - 正在处理大字: 'f'
  - 正在处理大字: 'd'
  - 正在处理大字: 'E'
  - 正在处理大字: '义'
  - 正在处理大字: '写'
  - 正在处理大字: 'p'
  - 正在处理大字: '率'
  - 正在处理大字: '经'
  - 正在处理大字: '放'
  - 正在处理大字: '也'
  - 正在处理大字: '从'
填充完成。正在保存图像...
------------------------------
图像已保存为: /tmp/tmpjjgzeazm.png
总耗时: 0.32 秒
------------------------------
开始生成图像，参数如下:
  - 大字文本: 热信名却响其且眼在特过v管群在反总难省间没心气经...
  - 换行设置: 每 12 字换行
  - 小字文本: I速阶二级门结重口i经么T二大y于所持不八动传和员v光划当适J反系青只b程公又劳HuB大思D风认权多山样取说严算收构海维型L等资位问收放交手酸空K养做出m机什市感百者么引自r解都文转才么白于关素着争金步千备型支率你段受业相况始H到车需器而局L称g发然局意来物同条计样常西标数成调已位王音合整着比圆许南任经打支O花二研W价科几式权及所原积油育把y道需第她包具劳物件七参0保音间没府求g导把解内压步对2共亲看消严S图小发本品想8此利结些山表f定这数到M争取道是日却每比f众持命亲声由事连局局制所并物毛如手厂k改易BW办会政主而路义划着青据除战位向发比造去何料Bv干号至g声复化知划气例段于较来2达g从验集按切细保海前话满平应民h风劳习自传住什西直且V文低院节日月F联亲一张战越取林参体与许府Y群级她实备tf再车该场清铁样快指约则几马流满家重有维则管看群第验j样志于发代小美力斯B光有器属R需素证较P从手年指用点温力S个点p织问级子复提即易教接5识总器出J再六由场其s备利信断开统声任克例及做铁当政立单么分影飞取周V月实劳里或细持快至手难按H经完a须别生样深素到TP安门边律出两上Q音九构义机正想自斗学5u石较空得习C使看院王真所价安将又都布多称想难白运京c个声细计阶才百越海成技素连定书圆组月院济gc真结来段查大议技采单电率即成无成多法段你清确引流权认思改个声自候标规率五o己压也书布马日酸n4真温就安G半号前d一以I明k还广G书技土华者公号按克e查X要s参更路采从K它形教联确建机方F西此光火领当立验心程根取它产命物技据k你保布接三气表况前来除L交质圆加四分花I斯么全构边近在属律学族想就6g劳里名然达理市天给你已儿社8别这制建他高据消展化特之干算理半程边马线基细土实油由备意U江太活图O后六分3计却位代构价所复议党下包程效即风五做法或十f力起证状发但适更叫话你张想层没总亲通又术展思王h空布生车系务转思清类真信派县系命的来族务X场及军革传所花车中O选器压于l世面间体务天j写给会自东水与军商理却先空率二事正须交教精消准音无下从第化电养种专片提广情R感人越团容中众级收该导数百织厂海人张整c商元族了它东对用元c族了无大量必象农非集红F团些年五格说报反子都w证农取革解Dr江消然线市物安受后争总说万务议持即3要便基V光p值商治王A电存队准面s精命程我斯办各构空马层区话系近战王日小口明价断制机产间系是山术低土组次至MM反件T千见品联资J严省后向形往观动市白作想图子干治作半对起得起越立加动统看意个矿西系FBu了P府义专才百六队北基千精东技L应消本看规者众本改口她Q号如青理w都片万局风战带育段派金万书时非等厂位p周问时指层开通交图o交我适向工c位图因圆容精列B动性展经维世技志该月克不论具9Q严物重基口以件内白政即积f音a直调及X体z者再带角非文斗设结火果来向立种选为知资见长油务安温四集广说6节数加求七当民美少t型两改林儿联适看增山入放需研后深单kZR5观单开边产准立打形头历京系达此儿表样传九d采称院候放r主何Y知土CR议边且特阶识期历半也Y量i资后包般门这解己我取器断如o导和按E几族每统长精现治细广最万书证因单教养状持为图受所无色例9g院千选由满象农则b4传六员农开大3话包值红将示面连称变斗外消真山南布及J意火得维过Z次全来区1车集被整员产热根义存王对于进至龙查县强角oS体府率金层y那斯本Sw些花标从还具f劳龙到即持先运着件运产公深亲人量养美j何般明次下精第国低常的集越位机党些以直光石价收存科物调县w中流选千马北回温意水分争c四条二近9W色S年压命委期6温国界近叫着七路部l规起用级象相铁快完清般究千见角再算派运计体酸实z始美满算高各大容上场资关车热因问采布统团1打又做人习带包U情条十t按老京面o接种使x每把长三观识规流用因毛图适世是切物律织红党也三相联那织斗质话种拉门应住报线质准要m及会入北经市西山照口应第量级展上正厂者就b带亲具完连都利去细明包国响区I产革米书如引海流观眼路单般教位该音进事亲选验使入青准能业认来手快回油什Q些形极军调物比J飞众品成形设克具立个素族造石例报儿验支j确团效同严派技二产3造把区同七路音把器物备下号期多收和天应市p务无全等真证派明发题状3越非术当就王下至二己即去回队四d般无属争叫金为至和b查省才此近引省类队值小数r目2开联适h相调处步心究展容选品此使形
  - 大字字号: 49
  - 小字字号: 4
  - 小字水平间距: 3px
  - 小字垂直间距: 3px
------------------------------
开始逐字生成模板并填充...
  - 正在处理大字: '热'
  - 正在处理大字: '信'
  - 正在处理大字: '名'
  - 正在处理大字: '却'
  - 正在处理大字: '响'
  - 正在处理大字: '其'
  - 正在处理大字: '且'
  - 正在处理大字: '眼'
  - 正在处理大字: '在'
  - 正在处理大字: '特'
  - 正在处理大字: '过'
  - 正在处理大字: 'v'
  - 正在处理大字: '管'
  - 正在处理大字: '群'
  - 正在处理大字: '在'
  - 正在处理大字: '反'
  - 正在处理大字: '总'
  - 正在处理大字: '难'
  - 正在处理大字: '省'
  - 正在处理大字: '间'
  - 正在处理大字: '没'
  - 正在处理大字: '心'
  - 正在处理大字: '气'
  - 正在处理大字: '经'
填充完成。正在保存图像...
------------------------------
图像已保存为: /tmp/tmpdswz8fk_.png
总耗时: 0.16 秒
------------------------------
开始生成图像，参数如下:
  - 大字文本: 近广k划N了什现江做8B拉气并过斗整号般强究接有约装格果压导...
  - 换行设置: 每 12 字换行
  - 小字文本: 放相它第联快难有RZ划物v交参造准条具2面白种s价复越工只三确东空H料声老派红重个布指识e和造质术t9制想但计O南声可深t候格七其务除造还权花前委p题斗E格活au关全HY响长或里好角事次根导术因V院保标酸很T8包世转气给经老马立此总办族火体又红e领Z较习书W军期术积素物社思接样照h我定律清业群安素技R时我文几许战养林证林计作再九具价内易技厂k京越w音积f要q约也眼作传K新时快油六至派可形制什总包M王间计京界k引形起F率器车如A进打m车正院通大则华常温种处局例律非老线H他明真Nr组思五比又传写易并加并将外县治正a们技气定律院现变广及约派zK空快毛积有是面至如七周学导需多路角期关生时又音集保克取管明求重已响几制现收验据T路分领精G真例N而实民全风特建美局信Q分情济类较放单路特叫议最头儿带色队特N历两结到子容如名铁个面个九积斯使定约据称们月明开极化q8究采式取阶四经深n小用际相东今少年做你器L走政局影K体权局效通省场着但s正W没采家只一清问团备指么进d月实支严地局资合精党领影行ll六的几身交党位话E研把N级重到县你别世会单g统关者总格各很我据活元越部向严达大米几内美月实学我革感极话层太只个式J元日张别决T情部老就响东p识例又五意角应平过23四容低近切进p用美门VrO个要必压l报王方身将府则有T调d济增X按b强要美相权拉海族类到育但式其示命p术交北内引正立那领y千和眼展样a交场现这前专他有N八基证I知育口争通设文革节而际F京TZ而都维化系她北商养米容产志出龙土图第学V记治育8积e比件口约面七每动活间业品员形政其看京采八科个派劳T当本N同里队划级接该长万w门即建多半情只方u业族你F整能验明段龙0即周识且然造决整什问至识米G声也现红音持家该很军土族一给红四B完受作圆油际专L采史导解必拉道Le少政段边百安适安心子动太家制工满共常便总清同因写技认边争单从小b行数目连从矿例标活中下较段分层产便那量门识开阶解向h西西第象气派求群9干g团还发果1专取特共m件速论Xs精展究方西值路实何放A造方bM两s江度p选存题f花商代流划听定研精或了极素术效和界气都精引酸接民名时米南己走直例下行切压w界联极也战又每装运领农已即观什九口置收进指本然切X管石及华效发调g没儿林c知号打面美温过织除海育海质3白已容确将她求段复基立上合3v酸只好流由石且至员后事E元眼南到运y位节当质整会平酸效证越它前三意给g于一统容好N理速两入h值连前指进在花包其难电候写用接特第万人b器p新通新府求族音会增际前近教化又部干龙道务根小建必张说每动K参日书受b时便战的书共改连3务速县七何d被来年律C月从或正生k张义二为那组石利他至9料称办起上达那众油等再各道我取公己更义们题4革族维里东品飞再验极9多n命单须建记原该使点证t你江不计n方复状儿热化活型再候Nr见选M但个动律斯量况际5层所众出接列为b知步矿计把老质把中作因值年他走此那每支6是员放共少小车山部T从向9据精毛观年调场时N很级这干X半治真也决北此小话你j定上记构满q界王议养了对术平速从三支素二海角F拉安电家布写往论价地国识J商式体之平命派际书九计山完下志专高R流新Y东况名北气色C处根头运老Z亲p深事须学P市值kL日公自经6明文须红变8众里军后这身合e生出状行科教运也解具通林证全她前取感时据改克而美器时G党需m9气o十Lx来委八建s小型拉教目一合维理团始式L次确N特府N动布经少通候基到再得门的电生正书然些动只w布信光加动根工层2着可满住E计压本三东北从求再市看们前提每接队种拉现前调太tE好其验资复电完nS亲u能全向住人边能g根十力象1第打看回事些K国意得然低特四布jK第参入志究战入管自m又省增打tK效种其9料交离S是院们省会县花l究最x正指干多S团习般音统前真程海进下子由连八写合科场两必使养消L权阶何价管节效和就切给系给中命下重压w都厂选或支W样并生采者团正存林江写级图理运美起张声每门容世需道维亲根装亲住拉步却己金格式性议议情术眼本温问t变层B处度办位过元马至经周知情必两多己8调生构写战复切r种走老即二阶再影术持O使干之快厂利提ZwU局八长两况究北系NM斯Wm史响图部金值光无们制满市记体为号应半化V事包管着新消才段2科党信包Fm元须求利及增给样克示维安林油术最X加使加西率性整划变白想最条量来问x委则本值标经报需该速战正及县关我空支起于话被八住文4细
  - 大字字号: 33
  - 小字字号: 4
  - 小字水平间距: 3px
  - 小字垂直间距: 3px
------------------------------
开始逐字生成模板并填充...
  - 正在处理大字: '近'
  - 正在处理大字: '广'
  - 正在处理大字: 'k'
  - 正在处理大字: '划'
  - 正在处理大字: 'N'
  - 正在处理大字: '了'
  - 正在处理大字: '什'
  - 正在处理大字: '现'
  - 正在处理大字: '江'
  - 正在处理大字: '做'
  - 正在处理大字: '8'
  - 正在处理大字: 'B'
  - 正在处理大字: '拉'
  - 正在处理大字: '气'
  - 正在处理大字: '并'
  - 正在处理大字: '过'
  - 正在处理大字: '斗'
  - 正在处理大字: '整'
  - 正在处理大字: '号'
  - 正在处理大字: '般'
  - 正在处理大字: '强'
  - 正在处理大字: '究'
  - 正在处理大字: '接'
  - 正在处理大字: '有'
  - 正在处理大字: '约'
  - 正在处理大字: '装'
  - 正在处理大字: '格'
  - 正在处理大字: '果'
  - 正在处理大字: '压'
  - 正在处理大字: '导'
  - 正在处理大字: '压'
  - 正在处理大字: '关'
  - 正在处理大字: '阶'
  - 正在处理大字: '3'
  - 正在处理大字: '进'
  - 正在处理大字: '先'
填充完成。正在保存图像...
------------------------------
图像已保存为: /tmp/tmp8q8211pi.png
总耗时: 0.10 秒
------------------------------
开始生成图像，参数如下:
  - 大字文本: 示求置图手动位运京即标列外此口各这手线火几商家话...
  - 换行设置: 每 12 字换行
  - 小字文本: 任之取Z看p程r发话见再性增今少部量气期了听面历县d打毛回专长治至但史花看人p大治几h8于q即6集装表只期多厂直程层又我化西快素就活可表我油广表常经何今通持效文家严y外直除派更运持Y号I火七j边快有细细边了出员引连没总种表单第易约段委用张气M5飞型已行它起结得H品加群过正又解单Y化半带红流清事f业重外p群才率再计难别J华并组米气出八那过求带达题法q内般参眼y府八才是广单直包世心群会亲效与造细三7很路题持石观物运却9争做片9以同F采报多步事认十生据争传向率明包间5究入门面养布速号也铁不气素织里文团集里见次月强装县识在9己交v门论约民重D机去特d九务委它专道样只打千千口二角T连同观八用战即数多划型想斯精0代N事题美三5林节车用大利眼参即全据马层U证过联金多X史西圆历要林克RB收元算6到二形西光积8北心专飞至资FU号业元那感导家更式之加将状tF放斗且流整持北利联照石比接并低结格整整k将增车au八红1动能易习它以道家北并四m共革反入和者当上府算团步8多X而委难感何只后就可事目看片被写之般来毛究为红团个派何根T感委林多器志增有斯第i北关o教书参理基声府PX相张A受n决会省深到件切往例断音入决导育当经被矿k想见规油门林九新容支保铁8消明广立原能义林风儿商政风面中他装n价听x温少三程j传斗观不切jZ压基Q一S头国可放低a主位争年老六然小复区还几流十次叫风教白细n查公断流也果条团段难细pRp越力可查都加选维节维日任这影来关都X增做精布g全响队放习众整意学更包特以家构离气在导么建下ycZ油严明想加P按通m信明度济8S原B感青小铁认区得四它广有几快米全能且儿口d复照论难张阶响度四照素业T也之法目e转界地百场严天报按开亲完整八d院王大中往H实速需拉增进进关市S土7极去己价特近不y联构领i积志取切安去变又都些员例千元资思国委准应构我理用热长0标VU集风单面南清更识天较许八民D图市求越矿所就数质识龙p并论带价开便J它又影对叫同保z价头亲j结段级极或每联类U入部规边后照b机那集CO期老常展常本酸精y为且没放候质油1收际织矿发得变被立将j区那强容有时争段ej步作农q儿市给第决h那建在非取已五我布且些因v府满9支z门如算儿信运形志增与看历少部织等约育r现天使Q到须维京话五保持此自以却如史种极图阶门知响到准再此西难周民L王音家下总G般法还得质使改市色容但标么样战法写快较改由4即间色程经层y战战c约示然引群报个工正农油算周党但写都事内算回拉c质学派展n权手社但物管感R要线A据已果又6条状此年是i低真达交程见是织见期段少干外具习东改a级深局际F具议深带青Zg米院压I例3f儿交该民团将力在响过程装难非又统条反已众还周去ZO直及步给受交研志切始有置求党造把国权场小无7研县方意业非还世油族数矿县去气量单意以省身八根口六飞与给专得Z有化格代场美X题在N物导他当R音各厂包南引这级很才计1小王白适提用话它准县不音备里家价或号走事话育的件记领命务计一劳资x求得飞济性只相断制办长能家去听量u院义真影U清U始C变应与时化断精效说京出酸报京果影p的华世建界去调U清写X县况专连科系商节场e率照热新拉示记适感民向R半查众9下解e的T公x查受江见拉基理节米才开本导强管步律u离力2备度响今头她备科后历做专C自型j才毛商多为x回已然步制构万亲据其统指转即更决之性X会且飞眼自须没或自史几少z记想会想区广机写么三团见结易般美非转变保时拉放名队多规具使速后按形k品合建政华化报金广政于断Ld世持生设原确了它明料快决办查下江支容称消e反引感8况公参z速龙高低积命及c产劳四片快飞场条A问但力却关马车林A4意西oF报N习一道火按料带维无干广基条铁由单当叫可83矿速两学法参金技此都0o强B特E特形米局的Z意织还想属用位王和林米始团近带识利少技干四科y音因织确院特保取儿需等眼运眼角山立南情接线次争三之分场计场声才s命每见实情些报点K子角断外器除做整年省形数列分出门改农边算管此8时直采众u几列界活很千清L分越得厂资风属老q律件回少九始前老该研铁力准组二定信话产形路gy根样八头装专XH器导体率因长必也原容她书响l米期国加山g段q型明O商查果先比么1任质近好多存况个示RQ北快p内极酸口和空般常市s了还正z叫权直声其越对安音军科i设习产生因e派至细认日书市Y就意或X工见温观然是些变入车根米感状和号号思P最广C7装受连式验你千就
  - 大字字号: 22
  - 小字字号: 4
  - 小字水平间距: 3px
  - 小字垂直间距: 3px
------------------------------
开始逐字生成模板并填充...
  - 正在处理大字: '示'
  - 正在处理大字: '求'
  - 正在处理大字: '置'
  - 正在处理大字: '图'
  - 正在处理大字: '手'
  - 正在处理大字: '动'
  - 正在处理大字: '位'
  - 正在处理大字: '运'
  - 正在处理大字: '京'
  - 正在处理大字: '即'
  - 正在处理大字: '标'
  - 正在处理大字: '列'
  - 正在处理大字: '外'
  - 正在处理大字: '此'
  - 正在处理大字: '口'
  - 正在处理大字: '各'
  - 正在处理大字: '这'
  - 正在处理大字: '手'
  - 正在处理大字: '线'
  - 正在处理大字: '火'
  - 正在处理大字: '几'
  - 正在处理大字: '商'
  - 正在处理大字: '家'
  - 正在处理大字: '话'
填充完成。正在保存图像...
------------------------------
图像已保存为: /tmp/tmpt540jyhy.png
总耗时: 0.04 秒
------------------------------
开始生成图像，参数如下:
  - 大字文本: 发社报往据持果此满么但率己般太上住决院广o走报里也向文织集使...
  - 换行设置: 每 12 字换行
  - 小字文本: 化P她置才放该v线劳其红片统米山市程用技F划题他商质着京实本素组部重查重m种标这1领才眼事收一金共回里林阶要0特情持该与进状门集须北人n真用车给利土通效何道jXR见究c活群却天级计m这复下线体动它表知都金被9用产示们象天支s生理矿员认不水B风查M米段什打形都查引族空导革回因毛装利头U规X知电天5列政人Gm选结强t样界这极机且以比青五位制数元清造你多具与美位此号状达技约达样引交置按L我难管深事车段素单式老历k值l调际把用思斗她w结养什米A月由感精油5O管W别反维整Z音导用准称n广毛风员低须心率目件应么民采打原身多增然府用交百克知报看基转命子通器又研G观历q消难我较因电I育运X以b料劳影d美手京展单根处日却国R县经越机已九品第华l火建比连再位声她前都习d族P派至对二事得求根v由音济向非内T率好气容便Sn响近学如车Q确约4d世动或J干给进然持确其于选自青给感该经极车带打低命除断或始强断到油H程切半支给元日土会V构选府转都的华活反才金级色果回全交计术者象土便养且江17些龙七开从统无出多况情教o何理交高色次具身家立4增型看向共感速强亲和o小严战时例老4指劳现5米号参文实结队存却j周P农T又P铁W论导S被作作格带Oi求难及称文K该j电象儿切持据w治除状音k入Y传科持近即王过白候O金种更族六H高斗色或世南例治员将易本所j易原领值族便到记D思毛来就GR飞Y6引U无厂达就维处解义标增必步化各周E即9u山中件见商J量马将至C路出方8没照反济压表起走山力世过中着少交题设年列U应几器龙此什联儿G意低C八压十社安率小历风量历科际状想方前六地S条此标展建通合问十然2张院他识委月确之观和光定型处花导次前边了向府最2象类高调间那天H识持细然起者场治i体都K最工步今线议T作务称5近阶关者Z如热这S总争值离为放又能4东风图压斯几形海离么年题O整许经K问月热条个来列音值程气和酸线题元7队了流这活对消定快v张设被切后规支在确联保干需也装进省结e般论那内温六极关育片r用任京识单角号除持连U备海后究己处开构还持料T置易见群基住反响由在半张X制计较为群七才志期说话断周我包须容本将千阶是放团红青层克就工民A使区温什儿干业l许员共农y共家这众小提指用元清民应GP造什bY需Z也自种利其府影查入家格成以毛气去满委际他Q下八周之金济件部u可引d通拉无机两属成也wI取市党3性色们带达数不才后类新Mu报以特无明际志9率代别们入全s清重X主都展表期好T即z响文市影d研很五亲往真动热还备合许W但他整整特c增工再入治门上育式指EL2队对院少f条太要大天际入教六火主信m证了色调属边之价完会交内深提会西q定月系历么别斗知业消议员每复民格收S开N红土h想五把习适都队6任它权完养她P图对外之王2值节志发e即类队验温务身新车S回即眼风地维类在角开党目除计边山程O一术个毛性设特加增何议其今么干有价具从或着r称法战水f场被表安人G斯因分观两部育0此中认习代使子准t劳备验却着员头出王定q非以热风平济决理分二理yFL快组包作段织指即及斯者队备增严号先管快决示内象族战近非又复适段着革得引8打快油下表厂动科走由消指经1式x产精龙眼毛层x论群回里总音B员比因之叫l都始根i值l但研军第性术展w者示说阶则七置头影最具状易争改酸然会色备风算直没必所里山示去离步里身必面华织情收保装生平为节S力设下部最口再高少如县之了六计状严次期己要好深a说会格或d还月角w都下两八技必集公已保局响叫等正S主x子万头P毛参龙当存都回热本府导j除传社及查断它她感达眼只自教指百意开m党三VKj及花b清治5持们年备F方压领流目u层质应f开头c从东H情每需件通t连5光三地被y种切证基教但内元保西书r其c安证真更须料车活六d每步难油第养影龙三局受专委较到中民运那划海阶我众内识W西动长教水主正到此条争提3大经位使很容不任活解拉并转没现即热也选式还听导U研重目积K按世部G记m道广到精反劳路证素反机形领们素识想保化道I条百火量农X小满温事支都头构T且把物必老压飞9文那影且同取个院争细说划感近车8二半满自得识声z次斗件化复表以张至何科时个族本间干权置第入但青者气系号报许R七几开划前候权然究长音今识县口料样积x也县v题十住论革资响头L却他北王造活土广形间H样统构石长这外历系酸就备技子D被王高Z元家要w任p清业度九to接山y3布传论的百节u快美清候S般济则k教定使安党精过
  - 大字字号: 79
  - 小字字号: 4
  - 小字水平间距: 3px
  - 小字垂直间距: 3px
------------------------------
开始逐字生成模板并填充...
  - 正在处理大字: '发'
  - 正在处理大字: '社'
  - 正在处理大字: '报'
  - 正在处理大字: '往'
  - 正在处理大字: '据'
  - 正在处理大字: '持'
  - 正在处理大字: '果'
  - 正在处理大字: '此'
  - 正在处理大字: '满'
  - 正在处理大字: '么'
  - 正在处理大字: '但'
  - 正在处理大字: '率'
  - 正在处理大字: '己'
  - 正在处理大字: '般'
  - 正在处理大字: '太'
  - 正在处理大字: '上'
  - 正在处理大字: '住'
  - 正在处理大字: '决'
  - 正在处理大字: '院'
  - 正在处理大字: '广'
  - 正在处理大字: 'o'
  - 正在处理大字: '走'
  - 正在处理大字: '报'
  - 正在处理大字: '里'
  - 正在处理大字: '也'
  - 正在处理大字: '向'
  - 正在处理大字: '文'
  - 正在处理大字: '织'
  - 正在处理大字: '集'
  - 正在处理大字: '使'
  - 正在处理大字: '问'
  - 正在处理大字: '办'
  - 正在处理大字: '较'
  - 正在处理大字: '表'
  - 正在处理大字: '那'
  - 正在处理大字: '品'
填充完成。正在保存图像...
------------------------------
图像已保存为: /tmp/tmpuy83cyv9.png
总耗时: 0.63 秒
------------------------------
开始生成图像，参数如下:
  - 大字文本: 万天住想江内Y特电矿类京约合持度复过线b和统通由点报iNr动...
  - 换行设置: 每 12 字换行
  - 小字文本: 果6流易府按T标类起信称V示教强中认是任其两用和认消共火段M过布或处进严为及教六段平历马不红青两引眼各论区市大sJ小3打整天共年厂型后多活定Ou适声效公百个b集儿具究i层组K叫新u于k程能素族验道如那提效制下飞百布传革百头现表家称L长具气很价原平导S划林只具适5了4接决油f值连形以热给现龙立长又新政进格学四油打学二已干交从且X样2参R五九那z自力格K力期也等况j自C设按值便则和市民今次部原公度己与才派X价容带正行完又区术克物置拉备治响革米学养农j断指起口候算R1提众取指号速Q管越今用更都状任建确感6再党结最基问院律8用得海路数U满t习受与电利引到只般全引都记况z斯格如选任更龙快作千地来合地维南专千况力种式因数美可场果果V九两等部边动收条支就级B资商强况标p拉w断通知说7想局N专规气号主无设关先d感口成国带料M分今外料保重天调之因并意土还c那作图在东手电毛整要数各统养生面层传放先类或流区生展往列每道yy或验发群产科应白离教现记高并Q必系太张又员空京交j来边样样和土验基wL花部W县正些通标收但事本往看比求阶组每气L维引况别十w名活色广中领养反后石严x我这办己y高被会以复共机小N每儿发治5七离江要精中究中状织约张Q便论标必广音别我将接自决如她万主厂发划满世米业J率江第Q院R界压流领员等运认八F清温比老K低o眼约步Y先院华必比所得把用w受a世发8l空千当整何四构4公明国阶矿都五C家m界美象如T义i情应相下红情型万则技格看马节身权济需全维连从头时养万红情团机思革土W层拉速证复R但能西身过p认手命干是在机层行教领铁根片支美小场查分三从济大称清他铁新点极江南管土千任物金置张中根E传拉指价与wV于物影东她任候必与华带党听织容米几片清达经道深点照增真带新Z听观第理I比写更光米计她度收南支方大车成状治做N决已律毛A八1党制生比石采院同流器织调fa石间北标使始写国d员布着消容工W以声完业调认0查受k方算多它提交任局产C而对低近专具阶八离Q相需通提第少V张边养B周作合做少给照v员X查极党布易验c族导引全消什别结始无利府总设常平会生水别几打商情b保做动联o业长力多组然离导心回了林矿程许眼期调此真点候式党称红它院满小我属开w办I千水铁支此确所支者时作却且身之界究达会安用干规素马J带U然意特多在难龙始回影本意可劳真离选千传何南二l气O被政一A起Z青热风工目织水完国毛组油你京结权h公研Y合z油技还种参及技把教门想划P者相外K经约X能论应听x委信他解九圆t路S干建门只称W按往得北信规精七完为写打想容都回所品K东须给半前团子9重他分参接心体使路传z温连b快取马局存族日保4路写府际据得被l区t西发从基后质强再见音具们必X4L9化工素自院部信做群中育便据得几前你带物却理七手而战育了月位z十这所青阶治正和质科适片取行须管步n约度ft口写u理次增那0算能口周真根论眼都立过技非少6至发如断造立需常八标须w几话色b量劳查7体研消干国么里然段领名或此8据儿F见何热决百深复受国立反t表验较山太周名住二无进z总别报出需标和风对九果积约低o温始影起点全通展省整政k矿了量白EeS变分G术i查示1难什京就理感门划生直系习她d所联导代力委空导气定便记始特D任口角军老正称性无写场情京难会此因及约下9断育于温验现装uK运引科论如表道近支A率4主公越们华g式技U资建名需rO众京平装改史造2使从争几有心很保动路意可D出时出O高半酸深代儿元行好以义说子性商物号万展h那如z着满手复l到教提她往酸状感一现转选年层深况我品实老面属特选矿南V必龙土主出P水受即结区c为h科非反马已基展引s习m派办流6局领江白所当能么权f角金业代或再便o际响除T战王Z包革亲七按革高儿变m该存信要X己商指断示别确数周技价今而资并学H不导话适低部物了根确油路地难色算战方活B流6开算器很计9才省片取选张容6半务着素S我者科3品这那电却却市如布办就多属个光要全京体别T根马论广R必是b面争0马g不记E确强点变4果三育战b原3划方快能于与话象口节展收广p步很积命节变求九将打五速火音好知外Z广O样0下可设次但行知b区状四全n革会委场特向自圆打取果历2数节时具元B加调同保进常合b线非划f号法里克划具节眼支严根真导门县张设样上新识改除交除因示行相且即总往公心h海八你加管政府年我其实称9月里合S者专分化深学明反加特高水工马v了无能所究流八叫领始0今龙通
  - 大字字号: 50
  - 小字字号: 4
  - 小字水平间距: 3px
  - 小字垂直间距: 3px
------------------------------
开始逐字生成模板并填充...
  - 正在处理大字: '万'
  - 正在处理大字: '天'
  - 正在处理大字: '住'
  - 正在处理大字: '想'
  - 正在处理大字: '江'
  - 正在处理大字: '内'
  - 正在处理大字: 'Y'
  - 正在处理大字: '特'
  - 正在处理大字: '电'
  - 正在处理大字: '矿'
  - 正在处理大字: '类'
  - 正在处理大字: '京'
  - 正在处理大字: '约'
  - 正在处理大字: '合'
  - 正在处理大字: '持'
  - 正在处理大字: '度'
  - 正在处理大字: '复'
  - 正在处理大字: '过'
  - 正在处理大字: '线'
  - 正在处理大字: 'b'
  - 正在处理大字: '和'
  - 正在处理大字: '统'
  - 正在处理大字: '通'
  - 正在处理大字: '由'
  - 正在处理大字: '点'
  - 正在处理大字: '报'
  - 正在处理大字: 'i'
  - 正在处理大字: 'N'
  - 正在处理大字: 'r'
  - 正在处理大字: '动'
  - 正在处理大字: '多'
  - 正在处理大字: '打'
  - 正在处理大字: '基'
  - 正在处理大字: '价'
  - 正在处理大字: '市'
  - 正在处理大字: 'z'
填充完成。正在保存图像...
------------------------------
图像已保存为: /tmp/tmpxjyd5h8s.png
总耗时: 0.24 秒
------------------------------
开始生成图像，参数如下:
  - 大字文本: J强快火复E局亲国务每相运办们门也管产调许龙8p...
  - 换行设置: 每 12 字换行
  - 小字文本: 变标会代持心面l两体养月s平干意很低且红该平真政百石m每好F现想技治意把集往可只明酸等品只究如用象世设总己果身定G况带N事或处Y气才入县风四八构法劳标动引亲眼理片子应圆除行Q酸nB根次而维取专行我划界术江义方决X自志的分做候往华转石造F次受时值红效该对Y计题k能京信i头起引消Zw流构车或装区式X速火人月打活色日管报计研张对百治角电应S用名组起1龙料要有水时属变治a极两理家者已才铁导听金金研规气9样统造书西K观细飞型干型a按切用计铁验例真心组特要应5规理从集质D列ZT事地现自特样者工改保海Y解场带等证基团是具什yN般目还大声条委克主派i总电展验报发性p常化已G往还美音给些办照于业p保ko心价十传细志政组用非马阶员办九x形米为金张交新化转步Y西M在a用达深给i收阶和律究温革厂样目严第花战些人你存转级前v意始会t取音定回识看等农适想阶华争事声别理他节条温受酸设厂各H共F关较去作与高眼军口成界界进华品产出建管b他不常局集lK许红属由影养加线素c外器圆与器专别又素第备行整文亲离收研育机它养算y养于断报织究将C下种I火素入66快效分据她色七d当众油心里第长化起办叫说北压得级存技j治设区西为农发明着义者织主开J头着适引z般少变五世在影明主家但品求2军计正给节义阶门斯王毛性形劳却断v西上更眼前建起书发成合非志属织着求酸入如白科住细金部和学而切m很d置法9龙主力等达容是音地率委称少或根际光阶还身因放样积那却美及干例己被2七海民程结例老关物么图路民收元并权名一才际土都然由声区中此如大亲位动何清于段眼w重外节条北象体打f县才O儿接治养确它便安太却学清府特县心取划没子大X影总战日山s团引听放队算江保方题书只现林f米用n千管治听效量龙该矿布角转联太出例气最深f状本学光手复制号但广反能年平一确物东分做D知出q土何现度m道X格具历九又和主理走C次放位快党空fX计拉等体属不参根已立a地拉大写道话示共量研火治I类那常石业机打心G电持再和约可统领c音j再受至线四低状技除合话d压音如打分义争劳照单六值反名o方其三广事与合学P出手高专系个设火技酸史律e单确与r四织领律间约成派转名派目共众安金变术有e程入别第公厂听队出角图南道联成片共节sU清u得自结米干那况任消身重中你先用线不4九有但民D省示色号任D观社大出从响xi机县J管交同速心电工事容争才M年组县该人选下劳已2都你T打习l况入选素带争研节u入备很设问状场E集快日持发于委万族样文品照达个光律级置属却厂半确里素积能参状石G百代红则百火两高手Gdi经9得教还1层果法口后太实传已开则传四情同之际些o太果科山情么为直每七转事铁点热m说和色放料用特易了石县个证组位体加无层温都严给格么受z意z地也将化展教各千厂认C音织龙通主场都类向求事大至列U国海广Q那品三须p门交运和习点务导合切从反这比较节着常后北道厂要土7严亲育思品合几素叫离期在业中带o六b须处对军见o党细没来清志价由海发写外军而率交建里除这连根分精压适系高行市间wCz铁领识二入按增象此军政点土声m快文各状表以L布反它例我E集第反家热里消应劳水应构关约B不间元群化志权委标织7省以元高运酸以始只听效流万段导持队开高转合集门T备理干展3圆门火思拉中周际形斗西习k开日K往步放价具子就该法保想须深消今导了上WP从些厂构教条下图完海广内单样千叫i研s记万亲区提也认议小群同我来子位文有团劳条领为事切布器规或结价为片保性二特与规统其书往较U写于厂机O型完等权及志果i群c放特斗V那利织口应你技目达h些你路何府别引军月四反J厂7五县L华有示况海引更3代便组证上口很复约处部南据为7通来几治如能龙装族到和必品领九山任受众月克书南包片基当统容流究必G几性k却m1东构百千s反反位快统e传机置史完林部革长象选o才自律部它二装有非强光离G切万率就节南路研量J然观民N表响他音类联厂过型本状发克上东领细再业关X温情w角三象办每律北合细了极也会京而利林北周百头率确级8没然术取前到西米公知1产光据土数真利但很制维特江安单业劳对离算党H同的科任派料Y知参分条文采生s6率极1据合行6着由根他不些法还感观化率v为快提B争计号j存产m高美斯斯又西级我式务正界可己身百际飞员六样提度或八子H风与美万去极科白及油周安龙任然持技名边交要d通持段计入进资D2集无治4头但县细上于V群增存化约求系习量斯于收通却通治单为权革老从v内RN把统
  - 大字字号: 35
  - 小字字号: 4
  - 小字水平间距: 3px
  - 小字垂直间距: 3px
------------------------------
开始逐字生成模板并填充...
  - 正在处理大字: 'J'
  - 正在处理大字: '强'
  - 正在处理大字: '快'
  - 正在处理大字: '火'
  - 正在处理大字: '复'
  - 正在处理大字: 'E'
  - 正在处理大字: '局'
  - 正在处理大字: '亲'
  - 正在处理大字: '国'
  - 正在处理大字: '务'
  - 正在处理大字: '每'
  - 正在处理大字: '相'
  - 正在处理大字: '运'
  - 正在处理大字: '办'
  - 正在处理大字: '们'
  - 正在处理大字: '门'
  - 正在处理大字: '也'
  - 正在处理大字: '管'
  - 正在处理大字: '产'
  - 正在处理大字: '调'
  - 正在处理大字: '许'
  - 正在处理大字: '龙'
  - 正在处理大字: '8'
  - 正在处理大字: 'p'
填充完成。正在保存图像...
------------------------------
图像已保存为: /tmp/tmp664vpsbj.png
总耗时: 0.07 秒
------------------------------
开始生成图像，参数如下:
  - 大字文本: 时理8W过叫备才参u方j改f离提决成老车各把化因海S知料明j...
  - 换行设置: 每 12 字换行
  - 小字文本: 使育自南本山k七律话科适8安研线2J人断改内结目心高准红高现素4响xu眼走照先力流前世话说小听国应形即空养织县大亲1准因条据内满级都至然而走象整律FW常过精听量构装教西位o构资连相里影事型际o务价法很图结全了子观全真展相u它如拉式按和业认金广权平路程照可红观市路Wc例年引前计省资存边统理究东情化她把无来强采难导百引R集转级示领分做格月8学H这团名价得R类如听精矿例构响内深如元我别世o相品养统代级铁信d团际X求群V写接了这但放空大办得c多速信一马标支使质根先期取存京活内历备细片下状备关导应选6小并至马具立A口很5面权运按头M得统划好教风达原收身打l无布N家市众次极化L了低两那者5红来q入用石府例众术以两手布到北从立又导的目做研般群劳动发进现等U收周收交近产土图a华治便高该引圆R六斯只u知而安往代积管约江装按被了才明须群动X路等展同拉E照铁义N表后算得老即用养法式片有对领区色基影常论e7严分却只8于更Rt只问学候世点规y信划C信也育c强历斯议体但支选立报导容及得q事O常务其明率开u转种七接你约克区龙名感史米性许取极即题界干状同方支根运记k法低江强才王达Z给i率如总林少至收M者法条走心然形感局才江区我发d口设低真低导养例U气信8才下来名包则很Q此置二基按并Bp如声状如队目热复成号把济道江铁平需而较也z看花集离革体战i选术有最利口分住U状白热关近节斯期电江青许样少原消则起美两说研支打本团太内大安劳取点k月被除反Y0周育oA角争X道体极如队义团便意引效当百完温利北装门但队志过个资派周再易W今那几建作华空更切K果须时土节社改意老美究关化6主K产5他应Z层着或那看容据2空划正边太样油识料具究别元什政观B史音法际定见深称接此立交火心线头数思F市I制必6X严具即取关权者把号最成置来高强面就拉照值路内约种Z查老力明目火而业性8元越它界又着集真明车小角备想法共儿l分本把日并准机林响再安别加T实j转院建样办示值有张就想理铁交法容单适根性心革响省全的提增感又不报t设量回即空带力小应周变族百清质工被高建个做素整商必石整c定极a月存红指流声支合身上n理HM就5且边儿听克位从低酸度成t3思格快专空重法H难代受基走约细个任就众真展照理院取了别做系志阶y有节知音4亲区k质照Q该5V决采目v立DC周设体理口单需金H究周圆基快观济量查七值积见打队规听见克同部Q出价究务现研平D除起我省当战快是d工历领般们花海内素运规发区政型45线马千从公k产样再才干想的A和T合养历细时学九片海经也m清教切验听出都层意增主老系因或特土决9委场无证场力党增厂验O七特无置完识南价出q物石南名热才边数着W音报想局以单L角出快得地候8统社体现s几严题毛验原象体空土如质县革然张话战步持里要此u小D当q华置把越半观资别林不期着T较五Z知后革N各设单候美分m究于知我运算历造写集开决用选办包清PI农数离D东化f内每i和织委压认当引例斯其在研名得题根们但百学其即林大天争引热对应出素bc及广得美d务K对并开类利相总拉该然由离低四土说从公选自思况然书义米重高口运务A按究规记建G照有空油等以响L千和技打根资认果2其今合线织处建取准织争h到其0局前日商提论者平lW多d标统存素消切E只局装回k她照常育和或群快值是被关T较才力细如术个好公和至七过D是应各整须0例维手期属打Q整第习类究联而派可引来两积号解从机日解前家消听间时会于半机题的我电其的果金温个上则实大布并图日阶区放体江率比认此间适在表常根e手人青3海市W元并据内被流v原转样真第红间压府才情选正片我与认即教两名新准矿队思目龙劳证此划容权称价管究志性再展年往地只面或风京式方I常包么P易开片X术人名素素转局采命族律活利如候她清到指动象级算t住二算强好几设等林需电斯表段适w里命音意V影色飞务比引道定形全分商只结办一周七是习算流实争P就委M团民九意出市称理次劳接信话济这构收育定什己完路b直工年向难p声5成克子率把备保都构者理能她做识日B具规九任非每算切形打按研入达做得查过受I布此极十半中强义米却么做验何干四层支得期五需确知作众里容整业且实养我军73已才性育面数准命报半委重眼条影但过常小识明称青低之事义Y革分U资且F至x位成反称式无9准需水4开务现数派ux干根必许步第派统二统名口片作准里从全动处石至深消历般m所成及只住山信后劳识百专速改J加府传例由而使而选江科海即受期性Cu布面
  - 大字字号: 22
  - 小字字号: 4
  - 小字水平间距: 3px
  - 小字垂直间距: 3px
------------------------------
开始逐字生成模板并填充...
  - 正在处理大字: '时'
  - 正在处理大字: '理'
  - 正在处理大字: '8'
  - 正在处理大字: 'W'
  - 正在处理大字: '过'
  - 正在处理大字: '叫'
  - 正在处理大字: '备'
  - 正在处理大字: '才'
  - 正在处理大字: '参'
  - 正在处理大字: 'u'
  - 正在处理大字: '方'
  - 正在处理大字: 'j'
  - 正在处理大字: '改'
  - 正在处理大字: 'f'
  - 正在处理大字: '离'
  - 正在处理大字: '提'
  - 正在处理大字: '决'
  - 正在处理大字: '成'
  - 正在处理大字: '老'
  - 正在处理大字: '车'
  - 正在处理大字: '各'
  - 正在处理大字: '把'
  - 正在处理大字: '化'
  - 正在处理大字: '因'
  - 正在处理大字: '海'
  - 正在处理大字: 'S'
  - 正在处理大字: '知'
  - 正在处理大字: '料'
  - 正在处理大字: '明'
  - 正在处理大字: 'j'
  - 正在处理大字: '作'
  - 正在处理大字: '感'
  - 正在处理大字: '5'
  - 正在处理大字: '治'
  - 正在处理大字: '着'
  - 正在处理大字: '面'
填充完成。正在保存图像...
------------------------------
图像已保存为: /tmp/tmpoay3ctas.png
总耗时: 0.05 秒
------------------------------
开始生成图像，参数如下:
  - 大字文本: 许变并例是般W都入路型空千眼完打毛六m门也市江然非与除合之线...
  - 换行设置: 每 12 字换行
  - 小字文本: 条很价六VE场记却道务八面重半相保离组u展的才知出几此在政我劳百指难产o边习图生变打那3命型金研民军意o线历X却立步近府常理表外收成京市导科油到适政书N了社一e空查常队将明且思增十段议百值6相起所报出信之斗什化低风该车Hx专命信确始事流uI斗米论十名他D交加构起京单非性求据提器水众程里今国主美N却做作才式消维导领素飞采精即它了话型世斗力O图农力展争清老西志构历v较圆集区主儿支P不义能矿建分外打一文前文P了式权件它持已B解好直年OM8干交义m存少定受w开品织阶进儿议复劳土及又素酸积团几又难直Y大习装连年XR选素白济非济结深命0A活断养者性走整量加将万二市平省D整两v放改单革定生际形议也好型常E为市只圆选济小便选中该确金打该养G政厂类或集知美总水拉量派划目得往o置状代族型g毛见专给两人会放领打值报前还事型多C性Px光近划方共第东务这物行识没安会p象已思济并南w1为加斯l则易X革们精集些装太的u期u始算美式会连Z马矿其年证文R动力价8支查没通改所效律从斯细为候Z发使立我报下规T断花大p给儿有5好通却生a查程能低毛土时报本京号平铁儿温热南素整根于品才D家外厂选满数动后半并世都O产商证维得j算算或动八她那人么格叫类交相代生红v节况线内类听包行习文立命清别就且写省导程a眼成量会住示它7断族为于期采写和那斯济五两经心光代眼W县专J理老w政加进手不想团且长包主作速米张王离把族6结名市这大结头同品水D实属知T每次热型号系界备心利车放公满什派离公记世路几工红民认适红育西名历八和角更现要它长区给住代三该因张T节办公准H我放通取7阶多立件新收色ed装林调里V志器意都两准4准响写有所已X本力马往如I利行至近直阶还听动济别有个难得但于政Sy数因资时毛容小酸织然动始历她调她业各京品里与个多老能分他维那西具酸量四U不总便品同却界信相a开按同效B体引在s效速说门我例持开领许率取展导题元决统部过回深习6原民却式条g育铁B展s报好c工理改g增和后把低常气第战它机利候民矿系话场其们区委二情u么区已选发本分认本想实目回身力消因要石W声等义影满Q子快却加矿4定单太位说L己参书W量着直社种容社马常个结飞马圆技调方养特表较今被广交l所给之委细最走区体T你调少代达将领V何低查知报回连两华置出张着等化子Ff海月没D美需候间月地水委南是作P花规h米角全度电立fQ置回经统P放照h发将4于比果转装支联石号候比水料G办支阶结文世白4解所期严东角g做ug象点始而给改日性下基改得她件京少建p认料支达Q可没广老1般风放容无型性式好细今有这水子政性R属直e将增定话了转q素色加十空者之使何老度求整新验w上后县观族放离Z名律光变斯清当近间专都想术你长强候那林术少回万动般华识代通学维几容选情许M之元结但化o原求g具些划果而U采断还格细达选为青但则u光b实上红器取s意4g算选S出器己k关得x什先员质设M少F步书r经术什构派完反教步如半O群十快设龙率数数民Q即安收起wKK行色龙信出写aK色低声关全何华快众办QB集H社心好资容分者料工用万统部p证始第问东斯争需斯国数H论人七处你元Q族决入资原团众者果真数权金安很采是本人名运少然非器拉持才花里且保家社月段C现众只R况门新料图名期求次c主传法信基精间家少Z种n信命法着现准果业并系进入政军元况圆类民联什常点构一话深离节山就热身原何那何在定领把外阶以常十月府果回根t十线会体一领织白想持米通复政主又计心儿调没1内转局动每六近专根于e容z利件快X飞时入应花外则花争全眼计进2议务w办复主色程切方问电难事查J林立地义元当价V片值军统Oe造安j产入省间就须连青回厂取片0K白增听行阶期C才精才C放事公般示界斯应力外立等公o多派原期空线收Yn素全工联其i3例那通究何约八七毛生道给应PQ始Az细心在号型她却列个1容劳需电经K大名向状金下无油动H斯使老院你只认史年I准半x下王中名d习L流养工表平果层报育原样如青许太天际识线A北o构九备始法积约身论B机究K干支其美须观听与只感用严制k按研了验G响米且叫则及主起响O最事真2前边青放原又由以青管的V性h各每化究形很路p特农上选县生指者出史构质Sp却公计特党方界现样于1什然维真需M比意直7们情土点科思红大断s算或5了是5强5真规议相m区看L老公v现e按万置联标布强领斯n具专志a张r开式度亲林委立构且要持据条年取六7时支军处可又件关织复或眼际起是算当
  - 大字字号: 79
  - 小字字号: 4
  - 小字水平间距: 3px
  - 小字垂直间距: 3px
------------------------------
开始逐字生成模板并填充...
  - 正在处理大字: '许'
  - 正在处理大字: '变'
  - 正在处理大字: '并'
  - 正在处理大字: '例'
  - 正在处理大字: '是'
  - 正在处理大字: '般'
  - 正在处理大字: 'W'
  - 正在处理大字: '都'
  - 正在处理大字: '入'
  - 正在处理大字: '路'
  - 正在处理大字: '型'
  - 正在处理大字: '空'
  - 正在处理大字: '千'
  - 正在处理大字: '眼'
  - 正在处理大字: '完'
  - 正在处理大字: '打'
  - 正在处理大字: '毛'
  - 正在处理大字: '六'
  - 正在处理大字: 'm'
  - 正在处理大字: '门'
  - 正在处理大字: '也'
  - 正在处理大字: '市'
  - 正在处理大字: '江'
  - 正在处理大字: '然'
  - 正在处理大字: '非'
  - 正在处理大字: '与'
  - 正在处理大字: '除'
  - 正在处理大字: '合'
  - 正在处理大字: '之'
  - 正在处理大字: '线'
  - 正在处理大字: '进'
  - 正在处理大字: '布'
  - 正在处理大字: '低'
  - 正在处理大字: '七'
  - 正在处理大字: '出'
  - 正在处理大字: '千'
填充完成。正在保存图像...
------------------------------
图像已保存为: /tmp/tmpzvd5ckzr.png
总耗时: 0.59 秒
------------------------------
开始生成图像，参数如下:
  - 大字文本: 干受真流年什细与物价里拉声法管按则都d好须较时则...
  - 换行设置: 每 12 字换行
  - 小字文本: 品二马素共太外成I车整水小情开张团来根际质党布规西入由如a四约养打造干或门外达委信等般用受养领有X还之达今省写新产共n劳照战几观E京v求会多较又料白产无及治往数计单离转公不标龙因w平通达周由先有价商容江人况验n识一从自活口数江南作毛火产级快a响产样斯形体4都总系其东M想型须展来化治者行点京事争反每边应j全张七道g江义几青矿议至容标万具下入后整习动满a共能团按些住例研活研构传然属会才打石各物第完了下k使技权人素期始R等节战取达四圆好将信知比调hQ强何科速她有好论场名派他情将s维列科军习去清EA实设按老维半积热证状量据应重才为山中2目表别育之把易意拉史政z多造是究七些压造马交建么王质U生美识候千东共开容低心须也小路公并需反其金斯和l革用转体起劳县周K县从把不准型交h元飞器车共利下高线团已劳济向b个场g四现运大天l标速2U存志来看日节件党可名增将关十影通w候不回每号意老始为保m得按五信住处重常叫看到z快7石石8型L土织列1由矿红图史构满线半科两G压面N保美易山反很及温见规采P思使般志深得造铁列学难论统i全oU器号石素五次连法气面道R容改也系为系相广使存消主连说了得等上他无很使美根j金矿他般得空接全党行海二它验次角却都东打音状Z包次压小件等产为8几公每治听强等本里江较被料层界干圆周法算它边资该而制品展如类全市接调车过治每价习算色类心节元北q社准准交基调即w属身反林v风月元做又革确气法h该月见把型并求知音矿在l厂处在料非形立部L别通七生适争必可G样备本光各七派极强现手日号圆石会者门器西你备运运此道花山音Y厂需区这有变前青表象9所作叫门维千话上H低往及中记容况命式造团实说自等些成n新b就便县清口非消任建该从期上两S空办比算油工受况8力我物专证取电律以两教位因感位代加最斯只联与从文员称图引可果建取它人需没无采持做易能世些石员又数结队管向布青精通建非据去指带间许变济少热取N好非北选北原化论矿说都且式着入效争为己每场人方X分头照万用律火斗我矿带质团数的日时越则保参主权型业该领它最越再育米省拉点反知克变易天整G门把并口5济了包力第外两毛重面近时育义府B况府水色从员行议只别此查级目打物次e政动共识深看细商少们思些图h七查区传对火即产o省4图又统U出由将无子历门得反二连为军题划产干增验A派米儿车率华对飞红被己件且h9离o声织从达观进住强片至九对8t照么r什小第号千进广出权为和提他型备马l压府年育容圆为南回样n给他力3规月别此现界位温又放方采车线列习响想表也增明干干达电规着据反包个还去查想空干I十所作给流T性名影8也向g油J及斗子表该建等成合集四车经治千理强v志说青太称便便b路观林受声数京干理己少新G叫如受口便厂应口义而直思当于结日拉方办u后采t性什值至原情易生研R此正本实达品斯解自复解那离从3思群得上周我转打界连备出清列组9两Xy较内行d南油可斯义米活北号条员B在确根做管别选切来交t近面院不统意走存多听Ug制候算族市路美经西色见只里色深立则速我元军求加便了线政布空大去机在于法之体比关所o低Lh高县满劳件法单A的完花U路候报际全统方但对转多观电传y更有证加种列么周U反律党高八科研许务知表着我先安子期织给般工度张出斯内调意元6格v做1党个系路太飞员务a6X风话将专集团政其不证记文照家给JT连边论精六从X果林在布速半还听传例何较x天整小计到构做山快信y手证平速满族为许再难要i达样根土中青Zw主大立切火都联县好阶温总亲任解受级把史C保争方派研级至算西圆线记件状口队引比X支的式史把期t认西计易在果强都商J克门联眼军型h容9队技将S么认海影两毛什飞众书等类没部设年决组基却快5化热维位圆J么M类增主些分Tr表学例状所许设低作拉千基标么政间世生压完口从f油段马约林头N保层称记县度圆究名儿术民选石准N间U又拉设A3意满清品分列九还qe记示军便样向知通几再p斗斯解以米风完省美利些7这受我满它出江命十物路分书太认W素保被根层传压构象器建当员许权铁l可石根是知会进确不边证造是半用就很数i青厂形命较果元比要造装亲土京自人可全传提力即手么装正安现论等土精江音光部象专造情集O农之儿素思织术容v但许指劳身形p定越老2且况收克听原之及段Q元展任有观住热它全程f法使节儿表历受四果战面我几研张深特车f位心感参各和月我非次易目并段n是5备万白加界高三程军斯构传委它有关复造北需果9L表教空展公目下他
  - 大字字号: 52
  - 小字字号: 4
  - 小字水平间距: 3px
  - 小字垂直间距: 3px
------------------------------
开始逐字生成模板并填充...
  - 正在处理大字: '干'
  - 正在处理大字: '受'
  - 正在处理大字: '真'
  - 正在处理大字: '流'
  - 正在处理大字: '年'
  - 正在处理大字: '什'
  - 正在处理大字: '细'
  - 正在处理大字: '与'
  - 正在处理大字: '物'
  - 正在处理大字: '价'
  - 正在处理大字: '里'
  - 正在处理大字: '拉'
  - 正在处理大字: '声'
  - 正在处理大字: '法'
  - 正在处理大字: '管'
  - 正在处理大字: '按'
  - 正在处理大字: '则'
  - 正在处理大字: '都'
  - 正在处理大字: 'd'
  - 正在处理大字: '好'
  - 正在处理大字: '须'
  - 正在处理大字: '较'
  - 正在处理大字: '时'
  - 正在处理大字: '则'
填充完成。正在保存图像...
------------------------------
图像已保存为: /tmp/tmpta_99dzl.png
总耗时: 0.17 秒
------------------------------
开始生成图像，参数如下:
  - 大字文本: 只事问积许有果想活权调加许质花必府x带H热包G3理器物都文6...
  - 换行设置: 每 12 字换行
  - 小字文本: 始等间军万量置事x志响社品热形率石物党非只许至工王看长式矿形共计再我地据者部去队工认被说S石上其F内段包保t南从图电马写更听复4D农团来究D八无传特品美快动感米给q当包以切之油导9十观低内一八运改增克准再目离产还W力计业y风南两取社始织流四选家r响ul数x没参出院这条江派文白四属儿位由层斯长八价广L安象O周许指即说京产V群严本持回就年义史种斗安使加社装深派命t土直Wi起论持一住回收九fW将没叫历N来七间土观华矿K种采万立种列青t一但些也行制M文先qtA命较东路并上回需安样家向自想不证响9下军场比众片住D低运l件明点月现物志上表实一场许须l没教查取农按况先王V往体行更任满说算声片u5体极f农1养细群线5段能派务转眼K科民做过交切制关非次着员我叫每C组西地查c又拉六从热o京复九们便面放O角c着省主办P或件取八铁调低听相层行小中标口路z向利产党所三想QW记学界列气究定何动金必并K合况办深D4相须拉科海铁北加十资没B下级去速由明但华即收支以始团因加例y九图收e教适叫这系U劳到4器史重细难文须接习精式高压它D江情由并即切算进点型有意流深社油受场矿便战十c算Fl场过公文包全连部么济传技1历按七电装增学号基月A己毛e据好原决亲些布当进细Y没目成路山和什东知度以9白e社U以真光间已打报去代上自i越量己文I也式口周j直划全做除记生图院什命名计机毛思开天万目干治g天于因米头反已示转c热军小眼则I证政算合便8龙记且中史J产商重今实9收政别行矿须自光没样产主人金电照交经后它九点转江易北温学美铁4计民角都强重际机片F论什维化观矿C速半花见边例真前a发都选矿T同干律头日r到权力县状第需持事后力例国必nw本定采日按文色以织影亲至得验形向X色Z从思斯改了个所选也专界m积别家7证根内7重收比除体品交l0t会如识空动山市特所动么被5团线此2九节此信需需空K写不新中边称作8学众战o入马图数任片引志计拉8置感信手样0型从节等原千五热老步明照声构年内事时进形查深林色6统名状照素a温转毛发该石zo或种题P资市制家回气他集干型史G去队历X可西象8院打根干历利平向权飞育子队D声有志话北t和县特U切点经F到感M关结适v三的业工速同上铁W小认jY据习议马领从根新花O平HG有斯使布体自不级化质规无认生较存走阶省心众离况q走满业较非具养王E作t应始M构克千8里更眼科两办党真它G没相比也应己劳时WL员解二了族党信n进3极酸共at离少ct专系回利打直进却水决a同好管形c何究发律义般v况确程构反称命记成机影然步济g土何周正空转治边研拉离结们院G江不都验放取2选每学北l一最我都合大装样圆0对不来至专得白于i眼龙十m是适美R百所三结给具两管w写红I本此高总观管O济地北具代无u业验住式界f验全可求六百者维组性育8S图对热声济实D始为所解精定用发温完素省处到矿有气hI才U以商和比业事入变次m往v部与王j低集十说道办新青例提南L难务所革D格物难路公片受学家切路效其山又空界例南u节须车花现式系委青展想太流低产性大住调少格火参高风论却打太月县根来七口争每认流满交压结样养科a响F交象值加往切对场接两机9已切红际值平支毛主技工次电无增研x也或除g类应R别下至战持数建回几管应R需省一之低1备tE学农改江热林J总集再X进r酸hm们共提而住感改这却人低革北会想证p会话法劳种历很如1书能会根流区g强现际即联主常气C五s列山元果并5走斯题劳比保最成以老今五A装I看构市资平1却在很常步局生劳然一置头收般低采号间种走其争导己M比发府物红划规于小理经己每家克办由人便A界为马十很常情现正每打得三展口和z应又命现A统容想海1去当部法心应该声矿通题军张命F难集清期所更那图别住统真大国元来争百温角铁先严与性力还气o关大反面点里亲革青还0条定安经农之备下认起R存温p山从新如将权二面还北保5报总次有油段外人包情示社O此示y片持作识保j组工理油术科0B年去组信文e八育根类系二件E眼来青铁飞学理压近义拉没大Y白中由决分N型问原值效电向五列眼证则白至以想号每使指次教局历Zx百加门几示况d布设分相么标除产飞光厂图c选育式y造的们做只色内安七提三上务G具拉3交书状律联通发明边线图o深样发采于万志的北话何极r节部传可海外F什要算种便领结构中今ZX统需转问海Yz身准对斯整白布活做己X务包面信主u就并育级达所院i保王叫其济化示联全正求电林省王整空我支题国如
  - 大字字号: 32
  - 小字字号: 4
  - 小字水平间距: 3px
  - 小字垂直间距: 3px
------------------------------
开始逐字生成模板并填充...
  - 正在处理大字: '只'
  - 正在处理大字: '事'
  - 正在处理大字: '问'
  - 正在处理大字: '积'
  - 正在处理大字: '许'
  - 正在处理大字: '有'
  - 正在处理大字: '果'
  - 正在处理大字: '想'
  - 正在处理大字: '活'
  - 正在处理大字: '权'
  - 正在处理大字: '调'
  - 正在处理大字: '加'
  - 正在处理大字: '许'
  - 正在处理大字: '质'
  - 正在处理大字: '花'
  - 正在处理大字: '必'
  - 正在处理大字: '府'
  - 正在处理大字: 'x'
  - 正在处理大字: '带'
  - 正在处理大字: 'H'
  - 正在处理大字: '热'
  - 正在处理大字: '包'
  - 正在处理大字: 'G'
  - 正在处理大字: '3'
  - 正在处理大字: '理'
  - 正在处理大字: '器'
  - 正在处理大字: '物'
  - 正在处理大字: '都'
  - 正在处理大字: '文'
  - 正在处理大字: '6'
  - 正在处理大字: 'W'
  - 正在处理大字: '老'
  - 正在处理大字: '听'
  - 正在处理大字: '给'
  - 正在处理大字: '风'
  - 正在处理大字: '年'
填充完成。正在保存图像...
------------------------------
图像已保存为: /tmp/tmp29c0agan.png
总耗时: 0.11 秒
------------------------------
开始生成图像，参数如下:
  - 大字文本: 眼持根别三飞铁构S你其研格备到务易强领置打义应量...
  - 换行设置: 每 12 字换行
  - 小字文本: 中相火五确治花始件已从至往计自N国过空自接b百种向2很也山持厂步成即规龙安况问众道划分N着术眼真从农B何铁院表便w资反增角别办以制习万便L海形达j革求但保成声音口治离飞素克部报开目六老Qa口色法属便九由院无建近名种风5务无易原7何D原分展斗机位最点铁完般米中长他就4据油BA认验认几写V府其电增争才素越低7物cts打改总包它示类增定商上四率精圆片但发结号布可外油眼便去离离织周用南比确斯之团和打别型细周再更引q斗民进争月规比单意要值面江变KO何然Y名农万会红用最这几如口2单每别听成做运组华你马AL织件门件土科期制快持验完教消军先米切究N们相于l做山要养局直政红命西效在根群gg还工光区层属小复对究断马U片真总法以机状形始能些没三大果如队机王飞许标取准强包代连太I十体导H教存需结建参二Q不族党基a研四点例别所心响存二权界e斯dA精本2油必众话什用复天属f值标金话转生革方色火厂6去多西知变经将程快转对值受工算亲几红米调约可理所水清龙很写何关处者满条场布全许场增须机y速社研半商教而门或快所率立门安求调会比写象证带组经究置技领叫律斯得查身比问位下查消角志派系越Q件毛效际活事件油色万立一眼2命定极传种系率华使科算因计当回管g风文选难走任区公响院易研作心号离广d示头取改量统下争该直上们家安军调写三N养近市这值由响标内级新议单思走指共规r向阶照算H7院性D子人还M需较M根分往手B无办看感界基才公步难和干确今i政满表别飞话县方l队要大置向几酸x毛表真务自很8h技省才3身复O果东温提会hm得线阶难I做次市手观专m都展华上MkQ非q规非条金Ud部g必却证安然整Y该铁关次温易阶称须音却面为目变至听动主明会住国之级定验市价程角能手国y参头z应非信京保所百j量改提j传收局成员电积可查音候写工志1件界角头热西研一F公飞L运般基D产品没py立何高oy何她e率场F她几号江于色业亲进王有三线达验农叫结花细百四关后各引同次感调就改有持即系Q金史5老算商没间现着由生族选电场集群质数回样其白q反两色工标示L连最集选造按N已bz基且强战5别热起政备组眼教么提积料低始议片上状样运每况组强WtG动始八整眼面用五本风线难R去党千求教C代也育能分格革最方思Y点角确由历阶表第细T路作物要N采自代基越影也还增求总较条来建思O价六存示过色在何A根V你际省1i几Q被国过那最起不论式山所组土性算党采次美本行点阶l六天已反学内后Q例去价队样还小E候总而c么形己结平要时并到先问划决种得事花发ltx格布即争即产则离斗七族产格际改然重四运革记S写消动总力高容实电专张定海i国种点到员委属众则群质采议数际三速身更活要化并统你习路空统GM听有阶华g毛年压去Y一构际I手现证本何直革济想合电立比众实会利联意x断加府或江军8压引光战何写H属g养种传要7构构土满拉平调时第六象x据点到S6段程vg代及集r各它老地5维色备细须技整o青x关结国界感往入龙书后水了太阶细w义断县题主除今命群眼文委件却起价N放装适o5它团5更必使工由应东应精公采了上气社没图W王压委候育志东热向线么战影比R划利重按7L理单物织身军打白支n入路特更强该整b织真kqa一存装型方运事何步山日民好适约毛向历路只通住铁边拉程容有拉东许命办下H备具经劳处相非片格亲何很节也切持机已向今形Z管听常科子阶军议料有自备题习列界教西老说基立在F受十示厂被类进件道便我公金wap生拉县加眼技二明人标称各力状但斗x意已制族件能见片建才列高报毛素Y专须他天后对高手间调件报克造列vc系话K争g据p件需圆已设历例式由张体安2权消f拉信用命3反素Q具过始每因受及F于流再织的代调接自道度着规表铁此流半么断众白养很设干发e公写表委支向4习件千经出易7电济土现十学于种k济WK持解记的传最信h以所己并体说高称水用难e电速何具飞W反性得县H太划有思iy层起R来不省设Bk十拉风传听日支口i变月增走任加儿林务动组称备别林级图话好九林青油水q世温府资容小件今增想山飞a指象值意济解从以革比十2由些引本叫除色记存要它回U党道当fK方X从形6m列六整我支离人又物Y属决织内步角还节受里改算起3照不复后物得习当规完油特场组整能种T红更这当十就vp日大数头候部压亲制子花亲话张标油开的大处里越力效每X每分九的阶由元置面求合走养0面步进始何二质7类间子员查它1圆三走基八入式无示也W更h风M东关部商好形G比许容回车n就
  - 大字字号: 22
  - 小字字号: 4
  - 小字水平间距: 3px
  - 小字垂直间距: 3px
------------------------------
开始逐字生成模板并填充...
  - 正在处理大字: '眼'
  - 正在处理大字: '持'
  - 正在处理大字: '根'
  - 正在处理大字: '别'
  - 正在处理大字: '三'
  - 正在处理大字: '飞'
  - 正在处理大字: '铁'
  - 正在处理大字: '构'
  - 正在处理大字: 'S'
  - 正在处理大字: '你'
  - 正在处理大字: '其'
  - 正在处理大字: '研'
  - 正在处理大字: '格'
  - 正在处理大字: '备'
  - 正在处理大字: '到'
  - 正在处理大字: '务'
  - 正在处理大字: '易'
  - 正在处理大字: '强'
  - 正在处理大字: '领'
  - 正在处理大字: '置'
  - 正在处理大字: '打'
  - 正在处理大字: '义'
  - 正在处理大字: '应'
  - 正在处理大字: '量'
填充完成。正在保存图像...
------------------------------
图像已保存为: /tmp/tmpdpf_dxex.png
总耗时: 0.04 秒
------------------------------
开始生成图像，参数如下:
  - 大字文本: r道且确毛几半商保价便圆原想事子况j东I0定易圆除据思记眼素...
  - 换行设置: 每 12 字换行
  - 小字文本: 节下点政参油支间论代科海更四起社直在动五位加H维局专b果非界下他复美z们热值规度争行半务打金不术打地P平采整行约平B样为统合东速较同当具的里委成门心只解查类八今十加下历干半今备金江质包一东例过完反使题书研成热四律1族属真带六他通作建H事定E节九国员所低对最f其酸n影当数件四何位权八度转边格好带但术包知争问组石权你被形科更安步说指tkY自把电思下养片大着共按n理酸C经道Ux政要f太分总省状第按县起干连则张R度阶第V不q自权电使个类比来争J家1光众保意别千连t然次格说从给子引持和党行R构支光N现年部历历至W道易种听统采节专应即段包素适x压即比米写第越价M属过代团还期织领9效法近计反法调理青把现花根形意器局土造教8厂v农4队备省上pU题技管4长确着又现a间化采成决世66正提间向去着G加打S东目G义直Q元2出真非线称此次长增类公重省生价定明和此工任为得工往型每带半就心W流T区和江切局表变须资专火场心及化8直规起改党近并命此议济4每低义青T红此别成住K江活制儿别学W水月经该为两山验ky2张下酸回4和区表意济所记县率种等半听产者收较G受样音G一1名术想识各治作组写每物增查备料水光局美门X把比决示器验院口五五力d面按层该角比类容安S圆头R太书问z江h们复局及太v院质八第空际历连十了在确收南土老影常科军多东走照格资s求m火华同六克近合或省商府应族题命1到常问话东导成h权热备角我则酸每参式片D治教适活低法该米机w地交风叫半便干酸价来情斯作什要0身土拉百合这物复活权目飞该二了作p太积拉叫级议约查七道眼员深开四住不6儿心称做每指持义W县电须式照下候节d联查美连白化比存半效T达说好飞规建前要由果书条是需V合增X数般满论意住来很即选务知相众装专作议百于部中世该段争共都布周情以期五细H工过度着济二Zp着理求动度易构美派大市报八nU受众保张以前她我据先图比q成业路位亲业是质济变温下技分什小义世市还光度法阶空土风书A际最新t信造b低原非组始改采就此动s示养题q识目土各可该明土第2米属p打克严子别风七克向红能多着商每最离除收厂民如只图需j切先改改马压选口为教各机8把理况r化调入物但格系等连u带度调党8西报思们军积任器力社和造H置真o任派则层六利道保矿4见给l越进此际观断d才族应备每般太权按们文O几三派需四权提术拉划他整严京声府么观张x式严口家计统对角算史干电Y北具方但都群思v格C方算几没路D2用民前龙导点少化起取就意样市亲低D书高易H件观阶会难处马布求每斗治革往证论建南采s通特而收花石间按命前革天该习使解照能深对千革难青约此点h数向数军手L争办斗日代确她难次便s全组等东例信效又北京统节拉色是先w比多一它管阶基因以下除近治速2物H放儿得c义水外完多红上R都w动文社h义区用美S合论器易百建作习地去马P影格能传4x取c县改明报里空战米始商影门么求斯太多月求很术支上基6d系内重山农变十快J命华文引南总数型农算毛算最在料目本然3青想根历等全米T角x相近空示L象重江还直时支住给次想住划际克半性局Nc人光消年省华F方得十收书p维类近会许志口命管离A流验转w支专万严且采联把酸代党维N话区各生g派天积至通R状同照近本u格东温该情二深理又面会气力段而许种支革平具受们府位节o传只前从火候开拉压很B小完面容情市教出花质见然队能界区历9断省类办体质强受管头被期类则代叫江线以民越年表来用响单至声十圆你明事团集m反界年五路还活很边由这因争五最根层县同方点类步断是般同造n系十n局专文现切究其风做入才5文把光被t林单z当今照约则前商小立区什回满会最毛称次o可年g己千被义候D果开军行如才受声受事片水明阶由解省二装J着yj重量果叫Y候光现亲条采6但看成果其派参空改分五标六到光把直实车京军间i须极两其片划高种外林极照府社现地增断0劳求统只6就思据被群g形划风无元会就王当么张了识出般表拉选才4矿特管资相位周号温关gh切证回电u是前它老准运员花积国边集人事行据题该定已题局放n本h计里量划j认期办保还表说得报儿商往nC7把京6标同外极Z极油什易压门工我具到目i广团了U话6设百产完九听风速布G6年美物国而H关f区选h用己Y间海示称回算集才约动革交才它并条术油交清门表应治引间改色照n它便往起社y名U得身论准住志深应十调各设几志则业老八给当教现除油接算许究具中工习E相联和去m速D空没般其使必置选料例须选般作些存都同现天
  - 大字字号: 15
  - 小字字号: 4
  - 小字水平间距: 3px
  - 小字垂直间距: 3px
------------------------------
开始逐字生成模板并填充...
  - 正在处理大字: 'r'
  - 正在处理大字: '道'
  - 正在处理大字: '且'
  - 正在处理大字: '确'
  - 正在处理大字: '毛'
  - 正在处理大字: '几'
  - 正在处理大字: '半'
  - 正在处理大字: '商'
  - 正在处理大字: '保'
  - 正在处理大字: '价'
  - 正在处理大字: '便'
  - 正在处理大字: '圆'
  - 正在处理大字: '原'
  - 正在处理大字: '想'
  - 正在处理大字: '事'
  - 正在处理大字: '子'
  - 正在处理大字: '况'
  - 正在处理大字: 'j'
  - 正在处理大字: '东'
  - 正在处理大字: 'I'
  - 正在处理大字: '0'
  - 正在处理大字: '定'
  - 正在处理大字: '易'
  - 正在处理大字: '圆'
  - 正在处理大字: '除'
  - 正在处理大字: '据'
  - 正在处理大字: '思'
  - 正在处理大字: '记'
  - 正在处理大字: '眼'
  - 正在处理大字: '素'
  - 正在处理大字: '清'
  - 正在处理大字: '任'
  - 正在处理大字: 'j'
  - 正在处理大字: '何'
  - 正在处理大字: '料'
  - 正在处理大字: '作'
填充完成。正在保存图像...
------------------------------
图像已保存为: /tmp/tmp5osl3bre.png
总耗时: 0.03 秒
------------------------------
开始生成图像，参数如下:
  - 大字文本: 别响适又用分想提外事部关的八军场办儿发局开于标情...
  - 换行设置: 每 12 字换行
  - 小字文本: 使车展h单支格相特照边人车须问儿问听W式论走在G知常代部象军月走件问数保由查才n就火从步进面着精矿质日车历个a此它队力8群回至名b更热八定百u需只就周效你相光影且快保济军1及生白强群采白能身听型又口y料社下起Z色造区基场示特说号成维物张铁物任新见别见越不切信别书院代件工十办何代万思2林认方入人I今军F商总将好6增已许问办构月命全系历住务书金保KF断己准油od7专定具着及须统儿理教达切接心社素A种O什自组原亲查c出Q连县存资法取会今机众照科完两为而何道以按强此意d的写才表家力据无查相常B期低型想改教斯V我给斗影条些HW料你点少e律三细效z队是之需而身金却Ks报J具温总4交术受力长育须飞何对群石j制快增等同所思料何将D1参间改种求花利力少治之完到还开价头小精必半会非号安个况很量就H里面东常他流易二取接维今反千部机空华近片美响路养在反知共速东变所管提心表6山5本消才决除接般团越再战低交上证WZ9亲机他造克究目实流高N叫断争即程接山主传条照需住直目入平的保她5里交月合记过很这较立日际调示M计6e和相o参果派白强满么认C交号须青品拉X实S公百况A自她制广争制议党直多酸非片老委价气易和织少议色Z后离j物养0发民放J听易开众青件少之积每是须样9院越任列i北厂克m华从人参号她记行且速百入机局热会收四信Q存没任林定力l包大2话活听在安造法公是米己必较严原代育i存效实9眼然V个m光育把在X海到P算心力将p书除转美走族料车后分较选9农严百们因3美风里文采织要写说光很较们正群方地个自而开又形先很场a根思场Z制调l你生高z强z信万每花认论圆五研以规济间不关五点铁积示完h术听化s算造造断以切明N转照每容改应除族下观每据带复后新放入位还文先满万布置己米口习条铁无9段y离而识期步海比是内反回今却全g构老变社传九公省边能n料走难l须q政D主有包路万整要料来市高立温备使与又称党写子响酸正正5报M话习须细队件农她安下结转料又下较北社口十向q口说想新技根g计始复传因把毛满切术e期基极通响下素识此A断能水前积合具yI位交自教火是真但形M过期万代步运参B织团低空比历们转声n构可状然话风业处技九r记资手况将边消把走V风z体广代F无论已约资要容构叫厂H节更验断次再才林组选联t建可命十什H中把状事究完省h果社极金自但验列格成声主代素加过白公书片都究k门价世只非常或界今部置l步安层起传I它段具话清成A计问眼类心次老写名阶看东UB儿才列斯参查志片党取C地较别想比教式形数几属型先上却出段出件求按决些开选手构口同近水思太但得家间间中使单强上切器立养王共七b积质快她新但志件间门精指bsB料海题议基次六济市2B非具院f山几压包已且些中般飞及化写S据步边厂地他毛E院使天史后给克劳2xs者料科高长力利米把众着华0较四江节细据真看任8只积林TA红来学往规关务研Z业八行九往断v子我统状往向斗R连就切达Cn美断联写且即油F例今以个员点识干才积R省省据级数a来金q京多商然常调状油管着干际一B际叫容前往越必且再火办得8路积影算为强建见果备车先感正系路群书阶多口说包土成热强得部确问但能速些共思收p手正两少采面她常入照形体空光下层家参证品T道合见后b积u连布织日1须料织存果术8还是eJ术子器0毛号识须八阶二利认四与g育米门意统七度积转学那N节走名共百才导本第养度书o毛放色五然委标角8行拉持阶速Y合按列h精况拉权自器例状入四vp何先电包油所界解局始号型养比间带际门进设等断它M见声S矿海阶C干地同命海着成红而o济步那子量sI色你明从王况几完T低记无争然放事阶省种时3论学空书共风心t形教酸几非派片次情始现内议原易群角方速H层多思往sQ体科金集科情h议至光民象C员各适V五求济算油步济BK需成片志心号候H科支议给产然界实68手y单至新号世各5例解话律B一i准队即派日亲办v连给周五效日状比反化将研之飞过过制国地技约子必期OV图的如展和u精由办存法商如位把严P电目志值展里群数共己五观精步热查北路些就b片文极受i的就中拉Y然s连局后果取品容列技日然规矿务根作化交低将布Y定如7要记复向技理示除集色a比比深代H手说物始养任除物进且低革受个压多家青红的拉称N土W所历说维社队J声世却比层作制p油千展油利建或记专人数原断认列按与置支林能常记点约量米际W制特养事变候非那而也酸百发识导小ID资查4断走这装所属今据放与D求指得义照到放uZ37实
  - 大字字号: 73
  - 小字字号: 4
  - 小字水平间距: 3px
  - 小字垂直间距: 3px
------------------------------
开始逐字生成模板并填充...
  - 正在处理大字: '别'
  - 正在处理大字: '响'
  - 正在处理大字: '适'
  - 正在处理大字: '又'
  - 正在处理大字: '用'
  - 正在处理大字: '分'
  - 正在处理大字: '想'
  - 正在处理大字: '提'
  - 正在处理大字: '外'
  - 正在处理大字: '事'
  - 正在处理大字: '部'
  - 正在处理大字: '关'
  - 正在处理大字: '的'
  - 正在处理大字: '八'
  - 正在处理大字: '军'
  - 正在处理大字: '场'
  - 正在处理大字: '办'
  - 正在处理大字: '儿'
  - 正在处理大字: '发'
  - 正在处理大字: '局'
  - 正在处理大字: '开'
  - 正在处理大字: '于'
  - 正在处理大字: '标'
  - 正在处理大字: '情'
填充完成。正在保存图像...
------------------------------
图像已保存为: /tmp/tmpqa27iz5r.png
总耗时: 0.34 秒
------------------------------
开始生成图像，参数如下:
  - 大字文本: 派将使决J至lt信油V交老众她度级正五她传称引联...
  - 换行设置: 每 12 字换行
  - 小字文本: 与可即县区问达Zx四须又更即千格育保信风群作头石头出识广风文层规级价政图业因单也满到o8场位层a气C特林出立须飞织个果通百单规条将物华之道别很O广x色h较观民Q7好又步组列往支面参群质队共类次值间流率该然团2油J王专再等极长v法教务指你严派上商青王什去门达毛石制龙权外大值断q子c业把名H然团8每示断X会飞常感属体器色要长快OSQ而收府米示二D即计立达果J些往群总西结能民观场反式反X角那派任定众观2法极流它员光见压b报即去T分3如看B影放史点种二很四科行则B两于名发高温K此3位除方支即心如样增然华程料反基参选其商儿率认气l许集最华其K约安之调可5增的志你低亲达第指边两相给么己合律达性片计F3全东拉今圆见子前按m约件光运清a实就列种却比率2住万响z大看更王八合率种候知很层f制便按3两种反条利华争江规识度多高车发色约S以同化好得水o科人值利般员o及6团或养验X度口命能导毛名往几军生压强k8市得定太基技头四过我切今示F美众离任备带实义别月它深何的么你第格养它表干眼每毛难S等段期代标具米n分区什党革类决务又光十即步非称江严品展进任直明断任不东白好研理十取电极界场至持从人A土生参往阶选f做身本s最至油话叫集阶候受想美石连采极目边D物西术f斯拉L商情心位便分育设北也外许f温P制联工路或政为F后深于算因认图到满路消头广石存果风原效然克层军为将B线劳化管得决酸电物调连万万文对活明书E文商力整响车细级南科情自活金7G号光写严王样传拉观l现型即f花种K可性小专以着毛史府l已府价群九sy育代作亲至新需队a展话着7间机做5机与NQ制提打应年f基只入w提加消因点及除青v所容真命从以口去层门2信对几群们自w需高养观华必I文王展便设离集易七东外整制业它的没清果面v过我思极土电调强离克中参必受济平并者证该位前学铁指里引过土D复计3种mW也又厂属三可广只M往开目发走七再发加你示k由土候海高达特9真始等还c人联那适么4共思么去米接只c记计外是报月给上白生下设表况使到组周率样g5要流度她门象片i问最活果高农过线第最百E备在F真都子到油由带共1影K白么发酸别几些w育状月林交分上进高技华k象n开县得总团存因角选的深mi连说却H走建第院力该般能表重示有x要从度被通向带市格叫次色很识界今将天J把已为理包k则阶连压记列非度接治u意思天意识导任思现最队极值全府他北状究十细应对感年表历步理龙何基约火千知由精县部思一正状线走O候放务八周更响这龙备程改共里P信火的济理能d正平i身能同工人f米入7已正动算了军期场斯斗片元科书复统又文C机发六构了深最务意比强建规油把党毛山个权民a作确志型满业8复手完际己易了么型P比第习住度或X千划阶该准院府结入声接济子及使命况道形J力准先由决更设深年至用对与军连转识光体去温海加带T志Z油查更C通i活深调做命实f离m断声手土八加在i规界据交而六美持制o至外接r品方党很么备见Z名研表八空后而c包亲而中白要产京究温用温人还导段气问以圆0速去面层必成此月力记n保记正主即机样史必着g容须养存F记集历不飞六议八认器8物d存所识强具热2矿六必导员i始技产问维统积记车反战华见之存消的儿西sc数酸达于历京称七备问小K达些界技最e热别海求想快理龙收头亲员王西导十油可或l同都的办u整统只住政容科并受油家和交风教广众s备影程府效你好气9用发百号对党该再率重指飞U具府走京这斗把qe适了斗身争素局设即此法特1族使合建了己n研后走化周民口西新性常名子听划心基员2运或p还进江维完义书商对t县北认由设记在数多我争情而型5众e它列清会运须种证力k认对级导际场解O战B本事较王M一农响些3业单各级般b维X物变流市政极样条放农民只马式什干队受u示整无天种机第观基单大科装统把部M同改所就H最东收已西断称各是亲性和治青实然采里则所角路七光建什更军更京即音传增土商府由主加比管E火V他查气后家很带为及研何种指f过或目Q儿三事影a热铁FR两会指始q西O军红音话会合方阶何候低支等V办属8性阶照难指育应严Kmrx叫n地g处单或按传走主称或切受带出列关论油县手议得术复众美商光基化当又龙则下省例电族位些图被则事细通变治党m术水直S量叫热Q该速程最区且9用可切再次解节术时特西农工期听代口情体把Z5少Jx六q何等H于王8技于较也社完电极观划叫历那美海实话团号族建新看引时准例定维作飞j温下0lw影温物命江标年先性电满k听你收十
  - 大字字号: 48
  - 小字字号: 4
  - 小字水平间距: 3px
  - 小字垂直间距: 3px
------------------------------
开始逐字生成模板并填充...
  - 正在处理大字: '派'
  - 正在处理大字: '将'
  - 正在处理大字: '使'
  - 正在处理大字: '决'
  - 正在处理大字: 'J'
  - 正在处理大字: '至'
  - 正在处理大字: 'l'
  - 正在处理大字: 't'
  - 正在处理大字: '信'
  - 正在处理大字: '油'
  - 正在处理大字: 'V'
  - 正在处理大字: '交'
  - 正在处理大字: '老'
  - 正在处理大字: '众'
  - 正在处理大字: '她'
  - 正在处理大字: '度'
  - 正在处理大字: '级'
  - 正在处理大字: '正'
  - 正在处理大字: '五'
  - 正在处理大字: '她'
  - 正在处理大字: '传'
  - 正在处理大字: '称'
  - 正在处理大字: '引'
  - 正在处理大字: '联'
填充完成。正在保存图像...
------------------------------
图像已保存为: /tmp/tmpqin3rz40.png
总耗时: 0.14 秒
------------------------------
开始生成图像，参数如下:
  - 大字文本: 可群十事前l回可d九市接点口带A利保设重提象科导...
  - 换行设置: 每 12 字换行
  - 小字文本: 构空备每线D受决火点s界又加加情满千u天8k约复1属色事j化进不4热支更可被书成解调计厂话在儿细规好年百查便识状J步习元高候需市速部但程布并开战g导切4热X铁装身交y支例矿选准资断收已易l许划他常平头按必R但利速机制作O标铁育放论太王存你i利两认育连见思是因还除门共取作则做拉清x外影而至济j现几利林步达金持节计度非k达通间对或需下养段并2式单率阶V2导儿较热K小采t取相国所能观文日教关37直通会个按带还什精以共元线技S少q张v义A于要政们知众展酸保不斗格段参p打量道点从意说石提着方严都油式打务总受素种tQ元离存度z受美亲动价学Rh美花周压已习o行具oF命只受业变所六农情与今然八要要从声委子半离原和BHN少社命院器大千法结边调矿市最书日来信红查反线毛青结消型音素电法不d工级展相意着许放体称根间节何期外提速王却强C适验细天选须拉当际么什来指手克sV除带见想军验响米机听代变五价则区机建至性重看B再保工满需立心改自龙保们期m听据经日响队J济阶就王的都P书律解UYp认极米计式收来面眼受明张感称权更细广阶U期程在月4空政于器fe界作历再量处相权务华市9响克d党造很断少天没7非眼时活铁社更情h油用g细月式共放极于影常口济么具5特历为青k铁Y权没半消认段题生除农文铁参身2引y先是叫复史七白地响所用西p但大然手每67能技委车由F较说t整日类nd今现众军了解外再4体建委八华集么斗然X民美L把极外眼然族选i位量x题效N况Q己八们做太流8成张越得或代除观正主d改关集动等程极应Hn装照根面定下义展按除包员金质产位选包0条新员M六温压造能斯效相严比处风关子团车价s听特可群解并色出器Jn铁器定也0包X她物别带家P使装P元铁5来林到干色成花西算专么部很并多养研算持程次名正调件H书示做江较反调共红采无你由队却加子克g思育率办B单何6p情s生委专y查满算与候儿石办民类此必阶容全受约话业去才把产总新变们南类观学今强能已响院劳引进达料受十深但造写然议今值最回政白总红复高二处解则x命基回况相识今h元越式则收干场样少型改C断准名这引增务天求团铁使3程热采受器G化发飞d写候京府Q学农经基张界五者天素治种每片音持原酸起济即四看较实农同F林进半名生风红走年几实值W难便适查同P件J其争界九深提发k制处G根指4天称事市主军根规求压器太查例证3大一铁系土油道长特离积维D四力律当安气V机带开程论者形受不动已金题律性百精价酸会只儿f常条放g省e油须本当角来头然子都领按干任强少效便来合别基花气边口具存地明属治手现里先h才见集土起见名龙约标kE自发增调七接美严o统状阶头大点农命红S第三过与线观做把按是R间划p教n构据委改会原不别飞打是山花置即直管O基决统复直b品人劳信才片据八劳革能比律政受商团书你生和题准究住速快连平广斯s始联适料广将参后写始设九开圆研计第布务统应所类口么因r识A起书干况值变千后你只交指认办影入用山时基例但Z必有出维率火K队除革R统可满记六格计团来在矿度转风非于看气千火斗报至L器始回易强3白多济话根作日今油维存候共问n改转i感自z必需矿议做究其支月识六作q明造气立红取发才联料象前达又些因特了转应满济温力细风党府h照当子山备却习必e率太第眼片地如与利Yc会领与发上义热大省名在G导马例权p离统品清情没会第层华听决离y满场对起事须建三并人了消容安布议天文子增政R龙打真数酸走立与论见原些住则识7i取便至间复因六高少约给交当c究响候但白先矿s2者p报R育题门头变变离以水究准家用目选安风2加土O二1W眼干感定又具规清话N强品立包按王f持极各了C内王物根感都用名教mJ正半学B收问线海始片农点率花号权按它称话d照种完取且马北图知g除府此适也H没去地办质油eC制i口风厂打意般眼作较省化o少素出x反党开济处管条都己识使七好置空大权色导管入水增形s点场性表战学持究派把得带圆之较然又林完区n识步到后但N电共八7或影党质外命度七太4这况响大选制五活马技许品调义原观x得反月身政多务每离气面看d级改低工A部准具走按比理才三动1则水院记少与在我与行所w面分角政工连先现除身平理术口空百3阶级基难三权今b周发J际好儿我光表易活次因团E上物说油志拉她走时场老约程周清育志量在定三运飞完具十少流象委分打组二直展由飞4影才或安争接转后内保l才斯海始毛联过间R理克d局入始安细热除较属运律别布权6题必期题保D三级局不完第Q家济3
  - 大字字号: 33
  - 小字字号: 4
  - 小字水平间距: 3px
  - 小字垂直间距: 3px
------------------------------
开始逐字生成模板并填充...
  - 正在处理大字: '可'
  - 正在处理大字: '群'
  - 正在处理大字: '十'
  - 正在处理大字: '事'
  - 正在处理大字: '前'
  - 正在处理大字: 'l'
  - 正在处理大字: '回'
  - 正在处理大字: '可'
  - 正在处理大字: 'd'
  - 正在处理大字: '九'
  - 正在处理大字: '市'
  - 正在处理大字: '接'
  - 正在处理大字: '点'
  - 正在处理大字: '口'
  - 正在处理大字: '带'
  - 正在处理大字: 'A'
  - 正在处理大字: '利'
  - 正在处理大字: '保'
  - 正在处理大字: '设'
  - 正在处理大字: '重'
  - 正在处理大字: '提'
  - 正在处理大字: '象'
  - 正在处理大字: '科'
  - 正在处理大字: '导'
填充完成。正在保存图像...
------------------------------
图像已保存为: /tmp/tmph19zzb4i.png
总耗时: 0.07 秒
------------------------------
开始生成图像，参数如下:
  - 大字文本: 将专hg程按按每样ju七三共即o阶c去飞十决矿族...
  - 换行设置: 每 12 字换行
  - 小字文本: 件级会参这0金月取步法好三北义们每7式众但会里达后会行克q属声离维2至织Z想月斯要解史具派属外适业要王了本干把然切将装U将管观农化电2基A市感展用有局更声而打次叫很c位飞J子Vy界信张学南Y全细连增济新规干于眼入铁石安象每各期八及名容报系温十通所口统民长u位变重五本实深所解打就命义志各油好米影通记明所关被工美式海象边本e直r因后经命收知发程千照置七非L真每花收来在革月各形及安适马M群率在见C发完m克头金习事三x4半别不手子红济过矿员周o究Z亲n安被达矿W世t产见争给式新子0回l那果收酸队高严将具适义XS教q传义体程位o拉酸包养热图做生好快两命程受就难深口他Gi但理原步十争车规并W现听5技低打放消三Y能区山g识种记车打行r元收史4小米农中育热党速年行保务小民M物于器象空完Di始计铁情音出力政机往象太改连候必s断量想才学三光文于系山出酸再江际上维力民书J同即流王被子规斗率各状国着取证离命明引种县传构时会少近领x内议民风反调生间可命单该把力东克I格提公之全联质之系观交则但志经去处样t米少A团z团我华名q听建质装动总oc严圆场装话万明r不成石计火近期半走近jv干例种山候头反层它提群个江组国五日次市E走d始z标v东体不马半层特则至西风u米说属做交线文识不法对量办A究少先事战w究g同先构加A了用周G设采路眼U二被前水此民江性员必4全花先管正西活新入毛层么离好油南直之重今飞无究件速经并量论4前确决术Q气如那准第世特合置r听orliS基满也式济断听美气东给且上制积养律亲马便斗太会十证身育活己VX表适收行决动用U0东层V教压五线光今各当p重时四来那打K法于实回质实候即D林复干同对总个需际切间总立现外织社作正信因X区从照自有他复王道使才此么造转克严日治用指办备中细k影革计料属很元了空器历h复这二料导类TS百器着p强张度S标己响R决基还山石Lv知地制己电团总任社划切本习民市工形打便先量严变组青2化2制提公H群数将需团且才水她学规照图r一亲3最复教江达据至收江情所委较长路拉市活指群教维技积增报就过想拉约成然研始群影几a此传权须安j想月劳及化集都行1青并专到高战价走据办Y议少技装事系方利七1走龙指并住众状统五立E亲把许十专信国那物前率正并九生土头革影特受所却飞得土造号保G究bt论新史布积要光高南布大族动才需机美再民水毛y油文5广引个件光年极二速拉用时质前主价照选为山通严再真值道往保f马利外也u层论H证带史日整s心专派飞b2四白号b规证0群积今连走看走被战花口对增管省基划位结表建但结放B却空y快面现分精济加b育标育方音性电东G适次五把a者意形立值从高那红得七边除多月易青采利群高江响区白出对果知三日队叫军油积周近院将想程而局I等识斗目当处来状北素起信求事存党及因现系我1半油该持又好史少万q间志么备l目支地1连太据了热外g开元深八织成教书什圆员位八团米状月非传M高带ZK近华拉组切会作体g接群积机至西农i八做面强飞收山候空w0队pa局特C5美还么转一统家声并此龙规派共声在当o将带六度界行清白收义外元众j体积西己响层革中始员许想山日属在K时众z个A气得强般了科出工什必话示候低无广此回资太y组值路他流Q级米阶局明近最无门角他东就情干c走受积W带得海指过展世光子已用铁习得如x使断由性他整而影J江者示积划出在Y王e力但就定周高平3又周领U米车及市转团至细生H量龙易阶效代现美万走离争们命照m示步发6是这l求三车给不回般形米uy话增火产G色备切带变及文温情X律都如或系市受H具特商制c真i条水出集花没界位x置样今场开J北风造如第得w酸C开3极属e族已马个不华至领六立g七机值加件g光利中片便山指决上养计向水与千了除步动照及办酸准经被e门圆始子现王派土志状头都名飞说引F新制级除长西放时则着节准听部劳克般风八认飞正近如定系W收明准能j东已维那U规方结红们时确油当意除米历g规样M龙日G快特多真往说情参团t县了QI么效A半较天变么E二小近满车展s求采后准本我百好千个接s众列社该形商一别重造可林包c子酸点两品从情些非况级从成代NI己e海军革须属办变且起强习且科单线却周面报先U色区和机议准口条先此听层入名NH认别值济例是也管局m准指再因山置省类立产类x主始条技断周细特复温B段民的些府油科头任Z表感便热安极打大多aM点后电o定界BK新质了铁质解育龙团育识青n想头精Q候住称文定四合常生万率P社务走b
  - 大字字号: 22
  - 小字字号: 4
  - 小字水平间距: 3px
  - 小字垂直间距: 3px
------------------------------
开始逐字生成模板并填充...
  - 正在处理大字: '将'
  - 正在处理大字: '专'
  - 正在处理大字: 'h'
  - 正在处理大字: 'g'
  - 正在处理大字: '程'
  - 正在处理大字: '按'
  - 正在处理大字: '按'
  - 正在处理大字: '每'
  - 正在处理大字: '样'
  - 正在处理大字: 'j'
  - 正在处理大字: 'u'
  - 正在处理大字: '七'
  - 正在处理大字: '三'
  - 正在处理大字: '共'
  - 正在处理大字: '即'
  - 正在处理大字: 'o'
  - 正在处理大字: '阶'
  - 正在处理大字: 'c'
  - 正在处理大字: '去'
  - 正在处理大字: '飞'
  - 正在处理大字: '十'
  - 正在处理大字: '决'
  - 正在处理大字: '矿'
  - 正在处理大字: '族'
填充完成。正在保存图像...
------------------------------
图像已保存为: /tmp/tmpp460o_8c.png
总耗时: 0.03 秒
------------------------------
开始生成图像，参数如下:
  - 大字文本: 精口细学决龙根十构书都技查民成例完中质阶年空手参他流指在使用...
  - 换行设置: 每 12 字换行
  - 小字文本: 5感内战平对下以于间史共每形生三却直文务N平号响体里强育生B个北派千查音期S问委时提快消第进整文业作住员王立本采平图强增特转9张王看府我回才多处D党决话党制长来争称入周农a改飞员发构S验当变几f治厂也教办前斗全属置被采局干局一建老利比五子N志期交些去影3土质q小然治意最面商同西百广样起还得交很人准力规i持千a计规展加革电片问议理据际存识于里越个位厂I支必广也定个下专只q人它就根清门经选做品联每治近维斯都专存需连四确记阶较设应方新r术根较按中却直克飞1快圆资地作见外马的者克法目证2安K路响海它性根青同利现边十除实例界王安京广持所导识需已现部改养解存及X状处5次越斯院h式便眼k制调或维次通级月务示f马段受取机教该把部用L里最次物问叫过红力转周术极音t种大计铁见石已下此值角决始水B识展需务q件表然明务放十八革低精着长M复它k只区记入林受南义v安点青区可P然矿路听始习节志期青一气XR对B1战体联条4有决备图县律段要指Y制对难P联外B眼支提打会O周分府话油位平根国何然解上属天保了全风毛五气集样照况酸声那门温她8志直期思历1话开研接解七心支过说要或它参W就说克节正极文明大就高然和便活非思变新矿军张委委设候听一L队k品合立你5度K形出号青住商它特N参手界在教矿切x常马划米接己会装农向我先术最小状再温还级历后意动据包程派结白引至子头规群儿口去快务动由品O究被g百况到今市传社八设华书子r置间济手转白适教周完样美看生就南育手拉类r织使厂原法达多今装本圆至多相识i展般建集中特复v局动权等G引全般次精大反备收气何非四际器x总Fn太党整往集律代求系立较图上制商而律引民定放y思第事住七展复7风派快什于都较与集天科计子习N了们名路解天完想六上美该定k保系半色何量新上b0效议将决张同层队极革集第第方光酸会九机过社位等给斗能W消思9I号标见标无易白指如命对生细家办理件积产由都周林学变则深车型动美1E三6联思c定年H或人进知标设着各况思里影四期日后界步y安义经温方L江o且示身在题即HOj金别育类器少证克出应定而难义研等知社多声事保较导例解集具W院件I很或料着化市器备张存存影解历准包集离T南上强府技n就何第r下心于况给A机统得路关果队论常只县平提民相看声话hs边信此件高办话被体元没海局过华先定于该响才参选该识争派少9要她派强天看技c市八Y马V取眼方县被到七段这省面r转为月年圆江c人增两温复1那事果照名条有教传好与党安程队马京可验县精历油n件或真公体美构都感作再E平前j千给们带加包该活改万战a思才做果万J它叫百手研内识非向时立领金什安林N系的复X到林传队象作工步于边4议于Ki联的由己F照出地口无x6j实计体马酸因属律口响LE特清常土价点导回以W场命题人确特真少证联南十新入我织织8或由图S术集同断点Q完强飞把定使织jZ战收四据白不I争九来且现石提D理H细看验并统月车列文一及县术头米K内引称元当程M写消示存深离5四所里许适着率总内便了为L农别文型W效年第果c解信置术根结争养派W但龙须进该党和反动第性细车参党道小志观斗标由果劳日v群积她条人第种代2院平题主温但几角6龙个己方看V石其一千实格目场活8年必点验定打具干五f及角又进风近h什切展G商离I省N构验斗细家k权今因如争老林称资强社行整美但给育写确资打过严连不接式求D个称直7事山别放c认情感么等各段构整存当j规在土议精产加对k条以资结将么克走清属目Q定识百数出下口会使角事或n当系W农利产府D行打论今后被三无常科号发8心存交式头九满T京第6划A济信义样们深效条响年周复亲片十却日况织江图事积声国什千记联结万时政青影m资学标律党土法律光农共叫调拉V重中单式林交看向着起金百产解种力思色组B率把X又周物q认问之龙长证群低作近3展d世人化满内6度则调战物认济性战级最眼今联区照标却响油体结七把WK西千如记们世v酸置联Y结张红J和米理支更过场此同接非花手节走命再且光叫声近例通长就育群照上线到而记义认高精v打k教导全至名具南回家个技思按三型育北人三A毛属阶开七查斯入属OQ器节问写果五转下支她出己严个美4天活场老因立系必状名候除前器力带保时直万O流a是起己管自历包阶用飞查快主也家果白明林D始式十一设山领约如极收能六h级值除思周从民当目论土海好引反满看它就必此把问党识到军回原J标cF叫计很定易容热究W交由放听6入从识切近几音原明群看切车期关热条可团其又
  - 大字字号: 15
  - 小字字号: 4
  - 小字水平间距: 3px
  - 小字垂直间距: 3px
------------------------------
开始逐字生成模板并填充...
  - 正在处理大字: '精'
  - 正在处理大字: '口'
  - 正在处理大字: '细'
  - 正在处理大字: '学'
  - 正在处理大字: '决'
  - 正在处理大字: '龙'
  - 正在处理大字: '根'
  - 正在处理大字: '十'
  - 正在处理大字: '构'
  - 正在处理大字: '书'
  - 正在处理大字: '都'
  - 正在处理大字: '技'
  - 正在处理大字: '查'
  - 正在处理大字: '民'
  - 正在处理大字: '成'
  - 正在处理大字: '例'
  - 正在处理大字: '完'
  - 正在处理大字: '中'
  - 正在处理大字: '质'
  - 正在处理大字: '阶'
  - 正在处理大字: '年'
  - 正在处理大字: '空'
  - 正在处理大字: '手'
  - 正在处理大字: '参'
  - 正在处理大字: '他'
  - 正在处理大字: '流'
  - 正在处理大字: '指'
  - 正在处理大字: '在'
  - 正在处理大字: '使'
  - 正在处理大字: '用'
  - 正在处理大字: '而'
  - 正在处理大字: '回'
  - 正在处理大字: '及'
  - 正在处理大字: '究'
  - 正在处理大字: '般'
  - 正在处理大字: '土'
填充完成。正在保存图像...
------------------------------
图像已保存为: /tmp/tmpa6w49ib6.png
总耗时: 0.03 秒
------------------------------
开始生成图像，参数如下:
  - 大字文本: 完才例与前史矿北个离手加斯包器及自又造原水4作界...
  - 换行设置: 每 12 字换行
  - 小字文本: 指少九西统Q光除这须解会里列存群员改特度间切部连速先单军元国打规交三表书年e维与级说声列步织你I斗它接等毛指热原S色动集或P法选到查如千心半场线称增接厂主石最对效或还至自置叫越果类每开W四办色总把周Z满位次飞位办V部自传准命江论次总d共表基g书于十克同经较I的消之直文使于话月如叫为东矿往火花要到京无取及建育就山组向称物Z根6p如K两制火件性状证物打马几酸rE选展保1张片至始运金完q向受何指道区者消设W受规行体许7林该进行化今劳必热深毛议H件装工置从治hT九般却许Q相有率千进六r六大最照正还据观东事加第战示数子史自组看你条果有给看参北压委国员即点展管算合Z类写切类接将感打不强表这百pq多属往音数易属全两P民美9计却z科气亲业格给务x提车之华响术光a领龙习放达7车效白C华张前或两ID斗子R元时战力c研律信属九具民n时十圆部厂因者型以类三中活活国党市养前济较没历中民劳水记再线格切整人组常月气除引年则照花学理机称土业行西内何生因何每明机r确这通解府发两先次管属示间复备五z完度节矿复g院准u即6资及种各较果叫重适见自了米片例行养细如特展酸维以地成解料热i几第形又历自将如起安切Th打世f金半铁由克准工快西向还集看r力工分万近选商现利火法验斗族值变制现质美会反有属i单指政使越近放义队分处p花合需了dBN产1易往常用R育情按基观后华角下造统消府局该任结米九存越又较向太断权支i质除要于行i年没层在Vi引史L领去存而区再名织经变干联命将g美表采V记局算同S意程音z铁布及实或十称花气着江办c长构e情点派例了满6好x量并专精A性G重x而产开D四高i放S任花北局o调才切或机X我车造声n共向省管无须周是术她样米毛增也交表D进身据区存林该造江转给k料而如回斯调志理选厂几革r员府义同信党常通百再三权d声7运du难才管总整至党西往能许经色物历之儿利题入价行门把LYov具记分派y果机华县回该条主所W引界府装到治主月率便就难期任能单亲小商收外党色除片局还资得根声志是斯土按月1全观Q求完程省去活有究受么高快自目路水建走第斯取老好才期电她提N成史二高E分有更比门作育方毛表面对置又办生些先平五角率D9该子两日听内任打线单关阶基新会该所该器节中斗可构B去收新很装权9KLwJ或中该再段名b济越人手张形你光厂众流提包离于社相面领和属r此如任之起家p将i按达情么白花决信全是权n管学放华西社前角Jo写农基快委角做用cy色飞响能产回机族维那所断青北是个织光V特史律连至适气造眼T易土且应从务农效感眼适色报3A眼计程深用加统c管属资增上同8整无物段积没思亲委进机且油相此际是书一把毛养几日我说年属变五x支线看带七达式度将断制C革立角议M数交全十深列或业求时式半社率前张世看听认为区织传第式油者政用e省体院金众所对走道老把速7美属治构持义们给难公子系元往队目称引知利制义住S子也较质人当必装原3会至联划同法当选装号技更R等拉入省P过马温心他一周地务目入深斯调等处组3T全林引天生任方光件0a毛理手即发他物千科米可干l风你报回价号心放除米今习一真油回的大y精线用结确去百n成白矿每石x八Q于部革克代n接计拉走学七外Sl入问先报f真方极5法管身内器持成把量采能属听持目林A太习百严期年复进月两s写办记布之上律制百组几重I三克我织你圆要接力知反米去产6支流约织利备元思系看行提b道知状才指质文得十工产学结思张布Q身程经资数中适府快o东L十风y示合适接特里她品和6意省到众验较林斯备九有第几根感道总度速也增全度又细消新党P看六作传华叫将方二可程级流经片n公安元之类色开或白布温开经说走王W身图示次c至阶干支组七极眼大议干员称W主感mz华速难构南重般日美完代术影3看已R意东儿办R给而者育真养数路山头展收造劳住9接求级眼济统委比文共便名他石J4地识今选政现四便万条说界约引况军以作例低深石支原身0界q任合中克史质些世革H大去花阶8报直果要本主边x提严强入器在具参法C清计强求图且飞采素同说QT龙真交术p两如拉群住权发属他数就我层新G满n型机即示到线当龙第平查电江美h员热观目格7理b办外越然几重运时构细员能事真验温劳最满究i色济更铁反明A本着思等命广影u多信际且技r入q角什业眼造或员R达白先论局术状程南断标里天就我交a形B风时c热思加中看Jq业细内水西转阶过白金率O会军情空用素H因志须派入图d立组技非林织美车位想该便她维资别上在s
  - 大字字号: 78
  - 小字字号: 4
  - 小字水平间距: 3px
  - 小字垂直间距: 3px
------------------------------
开始逐字生成模板并填充...
  - 正在处理大字: '完'
  - 正在处理大字: '才'
  - 正在处理大字: '例'
  - 正在处理大字: '与'
  - 正在处理大字: '前'
  - 正在处理大字: '史'
  - 正在处理大字: '矿'
  - 正在处理大字: '北'
  - 正在处理大字: '个'
  - 正在处理大字: '离'
  - 正在处理大字: '手'
  - 正在处理大字: '加'
  - 正在处理大字: '斯'
  - 正在处理大字: '包'
  - 正在处理大字: '器'
  - 正在处理大字: '及'
  - 正在处理大字: '自'
  - 正在处理大字: '又'
  - 正在处理大字: '造'
  - 正在处理大字: '原'
  - 正在处理大字: '水'
  - 正在处理大字: '4'
  - 正在处理大字: '作'
  - 正在处理大字: '界'
填充完成。正在保存图像...
------------------------------
图像已保存为: /tmp/tmpa4801xj0.png
总耗时: 0.38 秒
------------------------------
开始生成图像，参数如下:
  - 大字文本: 色价感青我备听温形化报C更或与行传交保毛色机m或...
  - 换行设置: 每 12 字换行
  - 小字文本: 族格产话听几接党术反至度子题又候县关油成制提历该而到温真物群头流入高4把段决业音D动具K区后pU响b角重最想调北党往般称金七见日把快然天列拉重决领验光种子争实参是约一文江完太育业外近会构天美点特党水W传被除还向约温J北者近与治八因养准位备节则出将我南物重认前万治期信后经听方除数资连完向消实先i打下调无全知得民属就o海4式收下她器系力周管多目型回别展深起计干民或质与争通利国消花米指这身金容争联因好无研号v产石话量C社王q增则七技眼然t立和位北正Z儿价国王c它目六阶组一么国结示志联g组行千前治别然且装数细质南存1候M七切集光么地收结难除和科c值立f头矿流K于不速小d白联日二义人识选2济地影两温书况点小之法制较干求平己即天D治往商争且9各听接验听值L确单京B化7称明任号类由论日外观消B毛特型任实车求拉反化部但员z革着热L个8铁斯白定世温养酸加来什引权属0时许p安单收d发主时厂且该K算7海导心然团L易定县积山达只历准把包其Kb变己着东机热即列定后代始听见山法众关强声过政打h非素相动响干经制要算O声前增目低问专领照T百正使q分格美系交打身听务采林东外存石论查合白起发过社也一制般下手器打天划全第确眼离边参边八已于内主什中今开张料离口话利米1土书花后做已且写分k军问电利日观类听根见带间深称示标持最一B往风u些界年气平今方现步九治起果指包满劳国A清的组达两次队内年民回劳除养物p应可来装查又七说V政向存决n类军受提领严产打受过规i完图应d小必里p入该太省支近维P问内只受接化些放感m边共77保一存计林步T备发千运志f到铁江能商质越候原六i示清资商众关系圆解i性长大能白并江活位几e单体型关几于的引员反4流消型想提性也真响资S众Y温J如到老们整L当立引I表土造拉里效性八d一众东感o石k斗量强个便给O表Z场车提社事它三展空Q产把非求通厂广器海九决周劳志府体C却准中克I调部G点府认前重Z做车产或交A成道除j别n京管对Y严现布计q京着情l影看长学热天p作消活边开义府六厂听角日自交现算老对等代即需资报列意并完次价J学表建T示间华7处教传取林好非由1广于K化层d二元种整并知划派领技当热论就习铁进你国看gs在金叫决生本民W平万引指量金员四边满山适间京些资县须们v拉能容区立高义解一上s口成支s般4L容党养代情律马京解边元义生品放高程d图件出些气9南必听级数相包广所代被还选更二二东声会速观m才近D求拉术量备复应但住来和县后使P格政C很通5K复品算节阶选格动度气热q每转百节门条酸K米式B多布单特N先Y火历资把公许飞是整就响7低o世海变率观N办再资数中志联资i目间米克公快代r9示些复前T过象及小种技必当直米立V个车S斯自决该及温力c群EK世严或t何合单精果斗术分它外备历往步q院现技及科族步质会派强十解选太便亲始c基务象主利D第林性走形再电算过强空线类等存快米四D西造有土解交我导油划取i料下律知以4热龙务白争料事走面些写说生转二阶她完儿经高不状口活口马还法十值观问精完音于东变l内县d0省数从石T想社要型电飞查安政入F构什法强五素报好指会从百活向效后6易强k被P省值个因电动f精观c外极万分级空目车传少少安红不打AV做该P属图子传则便于造原目同适识置其我部真住西知结表提j许作十效量Z求集适江论族下飞民音活变今张车儿于位公军种联ym就p路理2感事老农线带传一战m理已机建布住验里适子观金7用县矿二程不七再才通许进采在且党6往件布矿场查前感变人十米金家认者品非育当打来回养离集论员4济式土易n起提极容f支U计说权风出记持加R包始长并方化住法直组合且段林或影世AK热A并决基之业体0理所流积百毛立眼话正多分层机或证正应少今而h再强名元色D区是素作报片将4断相然技院边w本它果p利h究段b求光有年况两l而持于果拉x快式报活平造高过片收w那华位放现合果其电战形质D最心存N不界论类放较为带关规i到定由美动七且现快种整T开7思事子i红华队保p候标议长须没运车况海A数生取精P论在金新身今划节记级向容那应以争从想争保适传E究标员七飞养今高少时根后半心更气意响阶全些复精制d养其些被k色特情质道基有还人养总军过三很理G程今米山发需和存节C地间导走经平观战所我况由接则府D酸离山他v不场青少毛例产然q将g1容活青市严查王干系选c等空老们决v制下计还Y去示式记6对就九斯白族能二列但天般资亲J学门群结命等新说却处速之写国
  - 大字字号: 48
  - 小字字号: 4
  - 小字水平间距: 3px
  - 小字垂直间距: 3px
------------------------------
开始逐字生成模板并填充...
  - 正在处理大字: '色'
  - 正在处理大字: '价'
  - 正在处理大字: '感'
  - 正在处理大字: '青'
  - 正在处理大字: '我'
  - 正在处理大字: '备'
  - 正在处理大字: '听'
  - 正在处理大字: '温'
  - 正在处理大字: '形'
  - 正在处理大字: '化'
  - 正在处理大字: '报'
  - 正在处理大字: 'C'
  - 正在处理大字: '更'
  - 正在处理大字: '或'
  - 正在处理大字: '与'
  - 正在处理大字: '行'
  - 正在处理大字: '传'
  - 正在处理大字: '交'
  - 正在处理大字: '保'
  - 正在处理大字: '毛'
  - 正在处理大字: '色'
  - 正在处理大字: '机'
  - 正在处理大字: 'm'
  - 正在处理大字: '或'
填充完成。正在保存图像...
------------------------------
图像已保存为: /tmp/tmp3r9blfdl.png
总耗时: 0.15 秒
------------------------------
开始生成图像，参数如下:
  - 大字文本: 标约cf改步来入计业二容查院组s就义金集出程年e...
  - 换行设置: 每 12 字换行
  - 小字文本: 级什深精现文得起前水过全为会a型流0进科易工同及例保zV复r电压打JC下总流青难参他Q等段交民话同专系先器话段火H采己近照给问反选构Q北干指当常走包北信因子领点Q非志与中性话金制四我效离取C三越什各回建4问精院该指月一世明山西事置给效飞很转先合条求制验道度任府使平T江开不第T在程主青看六p它划建品放条关常西那空在根整o习相片知例关b第P应再物一类但种长自度两真阶这文属他半w声技Y少光意于设开至约消之取在kX支实与党意属她增南基者v众引R命色每2建东出见命只地头车作油元者年化小龙各清算强天收公每发军基后化务c水响叫A响条他眼她按特意机适图流识义运权今国开细酸条年声书原相则加不所习白为果点明与方次六们报界且单所究开m极体油K米备思们或N革k形认出走动发每复角质设新取备v门么r表建标动消金5习活传X率Y知音国二4么世成感c二青极使战林广T它入p京如重等权但B白用北况1于切图求极g动东天w问量度5金x之想代提处许织sV较省土整T学C解列利3制消联利技今的象养同c只气受P四中持感京布给存提直去很反物装L研O积采今W如酸不那化当石特力第c深导通统近j全线也研三行制无史斯使角究边越干用r不月儿委开W安强统见统里C争确五题h厂其z细细天米白品j导安m条给了器Vo化十布正江革v收口听写外片时己验u维论火安会斯局志权话区区市由支sJ目装们儿民须直点必红议型八这不查0好料候向图4意究再之道基候问的5志油而重等织此开单的南造现建样有带办系量相大产R史可更事院际确成政量道机红带日山关众自道k中油tDb称观教候很青px化品转委是容却l工列参天门就必类得以给心维识类走日当族必总示入这始划起江建片他话海天不p率当上部道N且容交力A更求同进回社造准么片知6交约特且联该名干产况件我己写约精7体毛使车月两除联飞当只把间二外目况N分而性转毛市关或易则e形亲矿小便由目严规中指确开身空该水西它问指段用员L当造0争共等与接心务么斗就度清半或没细强安者况o少4每J会马问品所现着为2造身空清农影保种形论斯形一看火次量8八术打队最总圆族叫质当压酸亲l风家间转后资其经利风条还件C却于x局即装义政保严K信拉委照道京代府个特整期算更按验计看第音复证P打志程八改无选代ahT消采领报O值金出基称光需示技严验完书d电产如题属出b再办格值增众真划科铁由县东或Y适信省带思论县加通局因算他之集得规被2消信达比话备广线然计小九色就其办造众社听验许特例到k难约军增0知些能张东军看属所n或听同记年决通v响四自M团养发天连全流建流员条设是我战按d细院化要与真办7价太最八两解于空后x清型实我义程研反活转导什精传半干志J花按起更J它据3红节斗都车更与在复得完前i般干金样真图导切万部每商正实标y定看w等包海起物采中思根处六该世政话价六感府建P较重问今石便也看期农许学心火K物e角公8马把安j看里书队得l想电C革海动j单京会划管D何展力究确命又十风手目位效志意中设把求小者少分海去世争样意求T身近别的立较保已记干a较亲局省热具十8名不月体术场等铁满角土证a志治流还所决需单决反于适正论y众子三知I调型低二会W者示形型度布本儿o世省代但王容铁较员克造色to历增H许听9京快等求关化较十真影所Q样劳法Q广持引没为们使容备许千数又油开火6代干装准步约又8则照V验K主研d维矿多过青存K布统眼难它引较质约UB要x道阶克好属条更省q9代才g到一按式便W克内装土火期代手o统重到m了W明光学少根志最度越太情接q为适应立且同或a业金工取只系斗将农K身w些土法天可验越带节统两身示厂外少大命图化着花九技金知个采千层常等非W表交压从导x4严派年p6很龙越包规合农品下参劳们二温它路他效十几构t平原种引型许色劳目几3半指8利西采需X空合数直成今规使质使装子工5r节术严府易U个与据矿近党由省圆世y后然a整音府带L记整四只便革现D3存放容技是克圆给道多量应话队说gm调料格着必按研R步条公走北准思见八济在V理计却教后转处yl至验少并8府建位六际装照信图也北复受样约部面别重反那z得例决满生员叫热且5每斗军次线所lj族是较世向毛百等V界教济查照8内铁百美改年所社王层专需话究工U都过住流此志节使基按小号究且体Z住传选1器Q系代金九历日自集政越公样快油以那安团合公每所活难通6深和气无程外山号h会别据置P日路及员P性自后色统中加斯或任习其队们识率动引九真说E道教江农sk
  - 大字字号: 34
  - 小字字号: 4
  - 小字水平间距: 3px
  - 小字垂直间距: 3px
------------------------------
开始逐字生成模板并填充...
  - 正在处理大字: '标'
  - 正在处理大字: '约'
  - 正在处理大字: 'c'
  - 正在处理大字: 'f'
  - 正在处理大字: '改'
  - 正在处理大字: '步'
  - 正在处理大字: '来'
  - 正在处理大字: '入'
  - 正在处理大字: '计'
  - 正在处理大字: '业'
  - 正在处理大字: '二'
  - 正在处理大字: '容'
  - 正在处理大字: '查'
  - 正在处理大字: '院'
  - 正在处理大字: '组'
  - 正在处理大字: 's'
  - 正在处理大字: '就'
  - 正在处理大字: '义'
  - 正在处理大字: '金'
  - 正在处理大字: '集'
  - 正在处理大字: '出'
  - 正在处理大字: '程'
  - 正在处理大字: '年'
  - 正在处理大字: 'e'
填充完成。正在保存图像...
------------------------------
图像已保存为: /tmp/tmpakr_c2gg.png
总耗时: 0.07 秒
------------------------------
开始生成图像，参数如下:
  - 大字文本: 备方需格指在地做领设也者关有眼调光可用党开常高p律再R带率料...
  - 换行设置: 每 12 字换行
  - 小字文本: 比离Z持海委儿那组则集但增复放在其准拉路较会回众江机再E酸周开队济基其学世集法调示速存低阶并边取时回产易号团世动数业三物条农s周重很便消它什带斯万海据指没手子带须酸器而及亲书线即存完子见立选治G变严打9统流外好值世B例手做管王器O改品你给经车至下类行都设实斗关究相选识T者主6只级战D克角二在价九4工已影接人47干设果员决象队义集l系线名速百运过月B决些所温准市量复使局更维收示j究C引处厂满也等先规h小府式事其据达平下才变形会除近亲v南最需研数志c者油六毛心队今争手论m队你开已带技第自工解参权主去斯活成它务海北得见e那计问五报委色热金容子半g如分指深日将我G时M料ZL素V利自样数4委具教劳维数T江采n产声治e采物上I情记八些持n多n水我它权成研种满开什老厂光规如历z划整此火专比P2反A0志边子近六9劳林华全间等亲王数干更定看位知确派住分划天之运有出选眼B流油主速n设下的行第声E住开万世即国置原分决必难对意理常加青科万M通办结际就构系就查点大十又细说命1较E开些特5国i布调参速构眼L月阶口通存机a没易十角新号此市V小那而结济厂非f线方单积两是通心王我青和党音写u书那k究于接4县易容器正后些清声jp音消铁即制Z基子众H没你容回系成么研些g片半说委了声交无教总信线社白立U过色议系她提水小f因报共v象到满半o几设清育使将满学段实小义劳整真集增区越米叫说开江素对养规用何小基白aw此世极之u类置矿务每加从u制军向队市又给关f多成节p热形军K风情性线影立二n3较是七w单清严务劳来气了v因三治队动王低确向和将支二所严构必进十现2总问组己火产厂6指则可置律调与P何油气把调步易战时基新严事图K学N拉即先年认只知法里器1内难己己活将程情先定器使方质量性被世从Z按要县起时中些划在布u标此才头们为低选直至建过产来片毛等已单经进新6派极作体两被府造别比I信整而在目土适全先值十层事此在同具积等接看造我想用h团石事设把根种经天如装热无酸声西风开C电便法作外始权MQ把身活T持前万现日动性需F严走性规y0每史再变史况许明决便细约f格构接消r而确系么江消东B人收的低二何千民起现市打最选查土细s织特线公准好际运际个成每具维zt引我统元界实处大参百从真R计G命把S住变次斗群她东该资千清接火前4示算然选业Ol基国八千领线p住单体火研A代入地压群机育近认来记十军青想此报共县积音料当两无z拉也解物向8程期向委治据地风为长o思又证品现展日并走交究二县更积四少接角以包光情委m确再文Q目式即半组细48通h好历该写厂3类t在加老知太海组道联直属来些然日老许金开计收V型和空志总圆机报2出热角Q高权温般压长区建术他K专什带党厂还安种关子识权口来大海开价置号况X象采8务F织原南五增具府得积如济二再G程属f业造第音院于际以先称各查生科族流切委as据定起取车O时今色v上温候治如运指即识时点受队A两青林知q军深来划步目制克育出间节厂活采其很道回斯进立民达局7八易9率边多现实极该S商做方百而e为类8建导经正多表车口实往a只斗还标级BW千能己今区情万说统意步公先被改样几gd但X型几说区生反写其万G京资白活感究表商气产内者需九l给求4积状深r主系适指位自将领至备京九厂G看间认还反断设直眼率厂商界对q平空义自调想别权约育政方接压开几F任标阶O别商商流所N难i千应八理构号f近七保7两织局小都识京识严队究区之查市安通门此比流完行马法八满上许新c成飞没b作是信权住传于车放定亲历体先集到本而决常历平信会级原上院红亲进放保改安证许并王作达价V论无局方角这即a及百重o常管O面变使情江般达土分场为通日易变分或结所风值队g间对除际V以号最农争土目四办适号z适完这些个斯每马器议价求重集白林i加物积指目将近各何8适金油中里接其u内党养t步级5身变里选直二记已越目划置交Y象观些观C较元造切看风利总书速目少地h拉合素都效车G场这给行度金却没但身件7M联次术群备利p才题去确效两目面整易还何和到称R际形这机联算次劳米研技金0等科备厂文火速必易v较油位级t新种习音各位总指公院张即值需收其P风E重下线力心写才H相半任族九又叫研术华们o和究们厂小好e参具确构划三易除列很基几已派从龙品空无资属按B党步产O改建看I系验周验z面使者她把术参品事到该计因权一龙别专保己数就世儿认约对音马多些意出去n程分见厂切W即高那空石习形别务内济安定期过边步斯得般好军
  - 大字字号: 23
  - 小字字号: 4
  - 小字水平间距: 3px
  - 小字垂直间距: 3px
------------------------------
开始逐字生成模板并填充...
  - 正在处理大字: '备'
  - 正在处理大字: '方'
  - 正在处理大字: '需'
  - 正在处理大字: '格'
  - 正在处理大字: '指'
  - 正在处理大字: '在'
  - 正在处理大字: '地'
  - 正在处理大字: '做'
  - 正在处理大字: '领'
  - 正在处理大字: '设'
  - 正在处理大字: '也'
  - 正在处理大字: '者'
  - 正在处理大字: '关'
  - 正在处理大字: '有'
  - 正在处理大字: '眼'
  - 正在处理大字: '调'
  - 正在处理大字: '光'
  - 正在处理大字: '可'
  - 正在处理大字: '用'
  - 正在处理大字: '党'
  - 正在处理大字: '开'
  - 正在处理大字: '常'
  - 正在处理大字: '高'
  - 正在处理大字: 'p'
  - 正在处理大字: '律'
  - 正在处理大字: '再'
  - 正在处理大字: 'R'
  - 正在处理大字: '带'
  - 正在处理大字: '率'
  - 正在处理大字: '料'
  - 正在处理大字: '节'
  - 正在处理大字: '管'
  - 正在处理大字: '党'
  - 正在处理大字: '技'
  - 正在处理大字: '委'
  - 正在处理大字: '制'
填充完成。正在保存图像...
------------------------------
图像已保存为: /tmp/tmp5refm00p.png
总耗时: 0.06 秒
------------------------------
开始生成图像，参数如下:
  - 大字文本: 更听四题y广结军米具件全心成其办队转任P运j论部...
  - 换行设置: 每 12 字换行
  - 小字文本: 一效变没细军教响共X指取统动5明N调积少具任信始可严标P行程精民市安类相龙验值直克级放即广石先u3极备派方口变率集劳热连厂问切实导部关步Q感几却记来及长K它H定由千可于层正却热拉始明半光圆l毛保各极手大作太以统间效米快治算O持率q精地连度状进论调X感快点派张思达果历直位六选意认步战照9些该反表价因理或消uz选大定示真外保群观群话便给g性县度叫响些相身求全所关片般原细8k千员民V前越热史空z于从始走就被线段写直特往龙备快山应D有织知报走保革片生温八满积千住应为受出同点组际下所Y高科物身算验n清标越c文光b农率正地提商响大就低战X例W布万院到量感L再一节和土亲细象府没其备飞6系车好没开向各信速般h次目4件业派标而委如该响无去快据段式它G写层者场事但习流达较资往照见据见王连五就h已历包据月如p高深些结产织样听而理同飞设生之空场体并府青手6也北Dy现第斯号更斯却基今往3作极直了界9眼示速m关月至红活圆示术机却物建4方质度格战理c再于步效采由x还采人区统本维满向平参G安装统县空想n持取克现工科确j和与铁示转示美适设机五如周保包十性龙消务最选节说种选专什H直里毛因持去从经了光要等龙便史员非分9观种查便消细天H地o般济资X着造近去4再那力务u六往意能使队则同信主通色性社完头式C知须山办h些因毛程你给历道发声式连定k低角般况府资十片件标立也1通备制引处手积书马走计看斯东般打解整称元由比山A6处门火构容在北联着务天族效二根很方之集并认产记利起养于jt改且改标被改是4特a算称存大细各特B么看别压d验报部b结张千了口自连内式机着米相影应构务验安建几关那种将和万型加活6集团要极划断J所q已新历置院王记料少看适整真十名几7容去把定平n等接还置革人通万o复使精机联则因了计目完圆然毛区已到8把2E步0习造她叫最实细般造收学特值写求Y为世电向备元持学子走织合给物论少究局3按及使料e集率q音放影3都利安A外号党q己你大来市选克商基五增何料型低军d科可金六二外决省商热音究他住她机导音所机地七内家q分强商调进做知比质进连ti动那W史深术道土求需x二y形法级料正及非半因点使具4两向省则低往民学N转般连型结从的为A易并则复由科局市结新全究打国被特存党如时传养月着团制据合带研效要进没关面带建门今划今k其所应较只五报最B一Y公位起后信已清即类点政太好气化教社期E个9真T装拉果造一认叫L么她提化知政再原量气快选而发全平事长见安观命究农白何部向不且并立名消在而H张商外主集达民值步采般叫斗l近情基并界确千完工者长已成亲引反例示习铁都第政接广电件标者直往常4之眼却已此种八特Q交集类重8造使县到当J设手线成N间京g进业型铁也适百更才有容构也白太整斯出必o商合大人力命指值儿R内把同9道决精了示需导众林学事代素办清三被等手还y方题术在除道0铁眼社百林器作空进王国8料我八共素使级体见最状他条理品然己特率放DZ取代养保术设记便意发1温选养书队油表k样音要下除当又他最分斗什空山用青说你图备解何9类vI知再造解金放b品点消命通再团金江思石比教Y种法所们音给都具或观众专N酸须完组布属需又6任水五作它今须连部计起清L你红省看实当回率段特0来低s目例片q还动声己务拉研史便X铁容1林非主导存林产组我法响达A约组离道处两际生最6强着和值根眼法更干内E广相值属复划p大度n者据地门水身标还极己e步带近必花报之海心县I广包联响火半c到示那为Mrh质从规电过养只新接回治明4常H构影京线于家石L如率强调太流连iB类次经mz图手备传G表约使不事7人权示准确达标N领没习家认I土称济引王众把金技业经引度段给史下手2思市转八片全领消性效品1间e角史K在容C她育装克们向期参说也快u速第张酸风Q管由身效v亲七b分L育具计能原效为界至马前积共列R与反新之研示步计文文么决想次际周A府满集因四F叫百马组二很通温正出叫包复养意感相好响收记形素过的名状许写至目r高今影离积空织受类构们林万内电s工法包千书南音价给和各石S号增工住设飞按新以看展已活上始格与放很学要干叫们几率存住意厂部eJ运示造切气B8规边之具小称道长权做目集民受同断青建c方领积名高过运或儿路口工用确总C去满温证但重族放量海进放由社价管相以素件实期不K气区资M研I因者半二好u究产认值只消每题日水精4道目平斗看率设我间运飞计面红部r天T制用阶况越级议生算白给完把精务万作满基委快置七形
  - 大字字号: 15
  - 小字字号: 4
  - 小字水平间距: 3px
  - 小字垂直间距: 3px
------------------------------
开始逐字生成模板并填充...
  - 正在处理大字: '更'
  - 正在处理大字: '听'
  - 正在处理大字: '四'
  - 正在处理大字: '题'
  - 正在处理大字: 'y'
  - 正在处理大字: '广'
  - 正在处理大字: '结'
  - 正在处理大字: '军'
  - 正在处理大字: '米'
  - 正在处理大字: '具'
  - 正在处理大字: '件'
  - 正在处理大字: '全'
  - 正在处理大字: '心'
  - 正在处理大字: '成'
  - 正在处理大字: '其'
  - 正在处理大字: '办'
  - 正在处理大字: '队'
  - 正在处理大字: '转'
  - 正在处理大字: '任'
  - 正在处理大字: 'P'
  - 正在处理大字: '运'
  - 正在处理大字: 'j'
  - 正在处理大字: '论'
  - 正在处理大字: '部'
填充完成。正在保存图像...
------------------------------
图像已保存为: /tmp/tmp_01la252.png
总耗时: 0.02 秒
------------------------------
开始生成图像，参数如下:
  - 大字文本: 石格性程部角金日值红候此生七快格议矿却见主容备公...
  - 换行设置: 每 12 字换行
  - 小字文本: 始风确八月G飞变离先上a每z名1J别空法方去目石调总名在影论教m被八g元起团消多机光影导比族经接习h复京E低战改资事边她教它J改图力花n联构子n行专b达了儿如组有代量但单这每达着压国d小接求头除眼小些东老n众长术计j书x白两条工深快她运aS华什类2个很声位王也济于包为来际当都海回收t心价条B间以王东事部场书所公千又因片提格建公被对值G1最第七其规需直包例I说有反集斯江满各所C公角容即学世定J毛话义下适工里结位C名计火ne元南安j层去法参争没二细争Q精议多石住节党求什高行区k被农真战例n五看K铁之目此九线六算空别圆象热发质方上西将示把明京亲群合理克少政世术的社山界已说D因处比类集用Jl应b而志用该带名2发京局东r消则和L行里几x划A个能构委达H白m们火更众派时d直美q名志江越酸况比应同机法选把和观子本即矿是任江只感O电展改只强党起分所感较极形养元D团矿文这白点重M布G法证步中主t前5族物王证志斗电统变度联九命段什合空济断门多老部历到A联何W者门周小党道例全收京里包组过过然派L引确头力南人或E引s加利候何值动积参前准严毛她线效生现进量共可9图开指然全常矿日交第队与记体天去入记物议农的原备U加装始处切只王达复写党市存状增C金己须ur提引市两6统R数成步型才之第白提最领6造近物着育小教日精权要验间特风战利调部当办置G史又接对书风心正现或飞写全战包快号认任约长历经八的文满称调系表建次全局复识1决非江府起选应属历使号改身级起院图到面教干选江地系L世阶其过声状战别S关类门通里听条权G领光办带教料般常知南油发解放S始每O传候示么许示kV置等们子员表此样将保法业办六局s作4火工存龙p王阶如民带求史好选把边机及h天一及事在产毛业有海好越公较加样己级三展i值两作而开示查报队家社p往务管政系产v就保步素来事该连把自工积观如r少义系别按油f农Q规保用查手即正用须着说林海取克前见任万形打习院些u品D象改发王C比P直展C区长状相是她受平问能引西界起气r何感列江眼三间合少价Q世且世般入二受维进自主青越制界外制看三Iw片须状风题联历所近周式f产科提器义点斗水其L别d叫具别劳备京油d对需y联白群却适委Q理关身G同6两长往因你Y始强发月生集置作h技律因发资海进设步战派x参治不龙性在b适规标根六第l导者大识1小而斯飞制k清论能少造如政消除必再标技五委用B离商院史G府张于土L而7转府成完性根群接严飞之7联音拉人外车议打群和算新4者性可82器的全W也2科单海传名正经用铁边E空美列志外办儿示内除拉教便料走第型西改证律复权心着花每下圆济几四它声安原是红民表多农来事p回真低除x且志而Q果际斯其行外能领4京局眼看适置儿部她育场来zG历容制从当式置调往维高眼育增温县前8好小保们而派并科红装些口步表青打包西拉候院t儿上世张但体JG基实类车形路速空名或好是山报角则些少县今p改RH山期江样省如期受等越由北清张展基确3深技管反列须里同也精京往世好关品产音想年共六能起究强许前反住论天白属达理活听设A海每十今族从低2形样的四数习除面能社很样九报o近存合价权机已行单拉特再存r且志题江太门色连指定当角证样下节示q候率但色维内V因即件正期今m众展传空方M又pS近六使程过路安到王方程除Sr周写山十表任把然名集速格会9复高广然圆道么决会运属的7收6油又空确何器二里什八深学件低养完T局美斗又个安今活及斗务的复规党原Q据酸低采安向当9张何教反标每属还主复江1们参设0c所九A设山提族相且记同接四南书飞得本件部众太B由东北E过很华力连思想料文活问教生叫口求维改给和m金由导义种aG大全形林局标各何研治细性带T复样i果m整P建1年为E按没适设V量然上且路Lr大建约布必理真七也O把口价斯节花员研南圆层H老展国6商接则飞A习准增交白适众龙离门自济9x管过思主越众由量转张复s能光会还团z段公片民元D万产行候但面还取公住常I织二适9织青口原k全海状c加度江名界划队记战8此观很所被走水成长民命龙统此京支原才放十志应决据节此各级家干量种利反厂九原她片切大需的建则张切面今感国教斯又米要准设作且表手使O究系照j和放战利小年V几b造去世最维般必其满院段值进只东别入许易确空亲律族习称解采回设层华头样N向两头参何细分意美团C是性话干音书直次选共d长角眼因反实提因织此七在斯果K导消过亲千单发此广外约中c年l给清更如家自器知度完全时们q习离不w指
  - 大字字号: 77
  - 小字字号: 4
  - 小字水平间距: 3px
  - 小字垂直间距: 3px
------------------------------
开始逐字生成模板并填充...
  - 正在处理大字: '石'
  - 正在处理大字: '格'
  - 正在处理大字: '性'
  - 正在处理大字: '程'
  - 正在处理大字: '部'
  - 正在处理大字: '角'
  - 正在处理大字: '金'
  - 正在处理大字: '日'
  - 正在处理大字: '值'
  - 正在处理大字: '红'
  - 正在处理大字: '候'
  - 正在处理大字: '此'
  - 正在处理大字: '生'
  - 正在处理大字: '七'
  - 正在处理大字: '快'
  - 正在处理大字: '格'
  - 正在处理大字: '议'
  - 正在处理大字: '矿'
  - 正在处理大字: '却'
  - 正在处理大字: '见'
  - 正在处理大字: '主'
  - 正在处理大字: '容'
  - 正在处理大字: '备'
  - 正在处理大字: '公'
填充完成。正在保存图像...
------------------------------
图像已保存为: /tmp/tmpd_sm8evt.png
总耗时: 0.38 秒
------------------------------
开始生成图像，参数如下:
  - 大字文本: 主资置p几边记造标果正关传c从EY分世称算华必应...
  - 换行设置: 每 12 字换行
  - 小字文本: 一及江求酸J其六有参d中开而复g分带置今U少制走角叫历儿进办重与入导红治她好放称6场传发相斗眼观v五连b约果四基着求照一亲n原头军天种切持内改入族行温名手作面格类切机单放众对员9点安术石列除观知7手百此n作已o志土合手管Y专阶织K你其支8命置什的干使率白响书专专委1府际义除道应o成林克太里过话周油更元号各易线断节除际自S广例V易元历活布百才接小清s增等厂果什该风类加方容节论话阶定米离点R毛半体克等不包只决完料非a连改体p导采V记2非门青置说花界间能专压东老提民身时观最结界十量养向p比成都种3器往联而大华国A构分没群期可路转习律革即年话酸值收意音更质y来该水林v断1金除精头前活其员却引己状真率越西四快积也马约相公放越有装手k设第起几量口话年产研目数拉气毛心第直种县方快争而属研己o太查证每无报展该江文写除达马处支转金界性系质己信面完号西近片入写H头百保你以或a每7科车土反眼值会区及位动东派易方C化v部叫用权度D儿领段查热作度传价b广道E热Q全或复素须资加教Z称走j月国治清q究风少关根者拉信Z但信办几经将共大标保感京研二书过事度儿代国音作它4回何文N存音十她没九反共才确空南与适员切确将书体构建花IG按政事何月生成就各眼界机共快将消向量快该科每速军么并保W切研存示照如F组八百论酸6月会号H青日到米元她机飞争民必员很个话受0气第族团表养车U走需活军结它约六音布种海变节军器己断w意基多拉H结问统金增区实少断它易Y都观置小常学N研没由治适响我际半被在时名叫气飞问果0种车团安收做里可始办jk原状J基物色江少l周空真养两很史听斯3率理明面m影济京自料自级边制军六任且七类运议精场四地选完片按白白率斯包日三w六道报米由几MP他得V心6政周山使到色按元由验选放I般京技起满却压持律在前安f观比价支先物听律及一群美生特件及使设将L际机我日及子多了委元段体或万何X各青飞备存度山许点还万万现的题千况利水而为参再约教量维划维n很约进开5满划备本加期车步务世当手了石八油别者53听需T各标术联造十者米就东段必养准领广分也且年可火中强象达联备道是劳车石气千工飞相可有L海共能义O称应称问电先般强这步住适术里对维教儿走办因解Od音矿细报书科其A党流么交手型商体专并劳术际知向造工几时记度你入的果定半写铁克题程效常题长指联加4清不事几开表声水般从资量进美王的县标听定导种上规件Q省间九干z里什共领规百今门构断几K通样八飞海果还那料D意白想之l流它群分步划线q反京其本元场现斯战bj两动被走身进月往战生单的无o大山将太争主取可F标影b看活江世每种己造算基种习度儿H8机马书目如研主B山事传音X议红立社9真交热铁作报教我需过心共oH军低运指快两商五世老名门都林资位专算手O带和算I真加步C性者制P争5等实离生造之示压济看东边红厂果装布约公济于组了革器积验期战飞角先道样米王四如解容眼器将提过毛务只务代员只极任名现题圆面也却s维战打亲例什m化前认多主便而着适出X天准以金打技半西矿放圆位米已火大群ap与完了开取上清感强转本斯个合算亲更6林集月林科计必越单影O许太何按组细可利力5力期存华向下二强反i四条率热满商加么低内V较o关社线人半斯量府K观公好着报路两亲酸带联想山安人族平外只实看毛X第人个5状儿海矿造并队3信可已持作片济米新六任规管或角即易听式见他感极q叫口本空见同一广U积数成值N确眼便法O命B队集术结置斯温东v如应看者C前即系五元b厂本系今q起酸天证速再定至音完向学山d周度论约民主用我期劳布几象为劳很写十备九当量包引而指料联油装节象存说消P确路片条量大引半流量4给回E算花团志通电想权了论效程身记术层产写看生约流形方气劳二身务当红才O细手性r切细目养bC适Dx年导无查数看都先同民何后眼K识经人维期下全之位市期据即同a相研M原教了身严派s与知自件及实f真适程果各广领阶论而场构流运三M家常件影对花来现整八片适高利市划或件飞民类比天比任间线变3该度应该a区阶问算一步得T政外P头单广管展O北采龙把N5术党历政为场政它rE江引果议管常能以年南非7历离政联还际则A入青位看十象公被也历认转而务连有拉些压HP养细V己好众土取热张眼w平干区经压复之商干老音w2维所亲极着族到干状油与五海公走求飞花量导声建农n公众提美常开边论a能口山华飞多造其最象标样场7百x究比地因线严用流儿b压年红已开F过了儿包光之要克关住油系为治
  - 大字字号: 50
  - 小字字号: 4
  - 小字水平间距: 3px
  - 小字垂直间距: 3px
------------------------------
开始逐字生成模板并填充...
  - 正在处理大字: '主'
  - 正在处理大字: '资'
  - 正在处理大字: '置'
  - 正在处理大字: 'p'
  - 正在处理大字: '几'
  - 正在处理大字: '边'
  - 正在处理大字: '记'
  - 正在处理大字: '造'
  - 正在处理大字: '标'
  - 正在处理大字: '果'
  - 正在处理大字: '正'
  - 正在处理大字: '关'
  - 正在处理大字: '传'
  - 正在处理大字: 'c'
  - 正在处理大字: '从'
  - 正在处理大字: 'E'
  - 正在处理大字: 'Y'
  - 正在处理大字: '分'
  - 正在处理大字: '世'
  - 正在处理大字: '称'
  - 正在处理大字: '算'
  - 正在处理大字: '华'
  - 正在处理大字: '必'
  - 正在处理大字: '应'
填充完成。正在保存图像...
------------------------------
图像已保存为: /tmp/tmpee6s3vg7.png
总耗时: 0.15 秒
------------------------------
开始生成图像，参数如下:
  - 大字文本: 三复理计和却风须果际达习管术决回级价y场程那史白...
  - 换行设置: 每 12 字换行
  - 小字文本: 标收化存空如据论儿江铁持证劳点连备派流响大委象许商龙入据越华队t只根究5状花感正B广位然感更做0马长间农际则青战此是间平五书口据4Hv多满查把价可米状克总目拉感温平管起平状断整张r便方理效反k得斗管低号难位引二两完发省十包称低选R快江起东王约放9证度见认看厂品i必具至史5关单识总单象在周P位清立美中度且没u5火J极易8运车与引思山如那3c也层是1等真义k飞完还南成次光Z院广六每看年东Ub1论确hP且q等体种代两铁E治行院白o处质除百都空集y专I适R党平了除须j下型斗元天地需其样次此她政aI片都作象般场长或展有任车红己具作每华式达市主也使志按万养选用使结作形料导d产象说矿K需进下美世k些争部青wM领w下志N清反理民边那列中采i员织米性本半照HR圆产快八天果问矿好做较转线什委带育P总每世经历取发道战火gW门它本连法省识热正才算增非复形0只基见三造z花养农实但角车算示党连么个省1器省G更更状DH角商在政过指导除u所期心品质几开n需发c示装准么半此分联行情油天is指加术着高传话交成义影变手事z军位利然压Y不又准产为及v议包支W府交e历进万具已她劳V对此设员Q教拉消做京南至清j往意农行本8组8m区她对适报还复关人地联主不事眼共k声而车米王细文决和查资精委这类8效下例料利h易目S关者铁把低划把资利记经N单安列利将车族上条清许相流作团它他还力q政上前大不酸团美了会结地己示象指程什铁比月五0然张特名京证志增数难你周速长局个个家R第场3工务了r很工劳建记就治我从物被电达习重中了列l需给本儿斗何通联先间除消相况难主南想R省8装各华金只行准立她置求U工下离发起消看住被k新R向收北太w转十新住却命4而事想并论wx状千单理展三口于满次n做p系想六Y面度r口由传飞争族最什场光达厂西报t号不特火号住报放实快感当难其斗高而定老很2L9部知花d林导界和y件他公他说意联后先技回府价家气等中产现低整质现V属关ca思北相民流上则布问期表电现员程效部车使那被点干化级管D养N马意王政计农商都方型局治记复W并段V经风片酸以深件连族器B院解W表你头还公格际j段k议天发放别个表始研代器易不律己南复关手x素技叫术构应安听着场低人证记矿十织q格作i济间国见示极响造无委中半文派共复研太速开义重给原况性P般提七断细交力实那增部算科周见R下商化个式V象R南毛我d与严布出较看强太治照何文统有Z为内南层业手基务bz万军把传角风只示共解有立群1队取律党马业段选面万进完3组许清压节干半每小们听再原多教C但易价y资论两安感活济如共J型林规委文往取便气始m党志如或X得程门于证多转约性点新动即员传Z全风导W验研放精今l建而何2造于几社派手不志究t育图知调各情信特B二道算A构干开事s资身几叫计员报使号手查很因都进出经委8农改我强型养交了响线才义物公准商Y该身济难反族们认Z此性清Z性始适便心性办四通边备部断对院外来3装再在jY完八运每表劳般适作持体增料n名生土根委效Zu接率满集各化六被N争统s白严万面满价放它精原个行即拉再八而手度万例阶身Q社问住住全提时行六话些b都响研效o加下G色表结养自w才x命这众学元意日接志革发王中新强生着整入将x改C领任区向I声于火层长准结报列县节济该a越收都物工为y里l关等具级其复比X么值立中速没行称收转原话织界应发么量色保后置的制之学会济进每持活要和M青强酸连已型半其向即k省e等1造被接性主以指思世其手开知工什情将加生温达矿6南想意起国真拉保平角K志则向色组积线以整量系个d水能H照养越对际则D与候E切长现无查身影有七对海专近式局中教适去就见消报此将压红现争前住团适向斯学飞A原题日前心志s此社色发京传物民自么受很认西合起市离准起办向Z存确断教队真还i经相日管军明选入节组土满期么再形万省其学期后果更V别马面问J口4作术立却成号且识气满m证处动些z心广列却圆知育布好路育青确W民听置角x林X关算而今民需集引由车计金去期导什北带等众单j级群快九厂为业月究听切式作的志而式共运叫学族PS当飞织千总即话由族报生空就则命题元a除本那们Q积报成火一写领毛圆有养总党确具克提即深那都步z气极高离段ar和往此之T列铁Ng支展可长斯u被回开T温造身江质想四质方以社组状己Fy信8持林克克明布发长话社素机压都心P调都准取法思治劳头备业程果率然af选离路三合却引领式部写六地况算取面说适光气象业起干内大你经t进水命后只
  - 大字字号: 33
  - 小字字号: 4
  - 小字水平间距: 3px
  - 小字垂直间距: 3px
------------------------------
开始逐字生成模板并填充...
  - 正在处理大字: '三'
  - 正在处理大字: '复'
  - 正在处理大字: '理'
  - 正在处理大字: '计'
  - 正在处理大字: '和'
  - 正在处理大字: '却'
  - 正在处理大字: '风'
  - 正在处理大字: '须'
  - 正在处理大字: '果'
  - 正在处理大字: '际'
  - 正在处理大字: '达'
  - 正在处理大字: '习'
  - 正在处理大字: '管'
  - 正在处理大字: '术'
  - 正在处理大字: '决'
  - 正在处理大字: '回'
  - 正在处理大字: '级'
  - 正在处理大字: '价'
  - 正在处理大字: 'y'
  - 正在处理大字: '场'
  - 正在处理大字: '程'
  - 正在处理大字: '那'
  - 正在处理大字: '史'
  - 正在处理大字: '白'
填充完成。正在保存图像...
------------------------------
图像已保存为: /tmp/tmpn7og7utc.png
总耗时: 0.07 秒
------------------------------
开始生成图像，参数如下:
  - 大字文本: 治江根外党目组J五接制收音等E养j当响队8资干眼张八常严律作...
  - 换行设置: 每 12 字换行
  - 小字文本: 第拉克还6常动难组单I热p无给属平北想质论织斗又入需路说照最因子学展革经满情整员着些没亲毛维容气清当论年王为象回又近是b相石石果结再提世场t数中算格没书克要8际有等质部要革府要示并报科置集市此常研参非者9科整般工队中条GL飞基该道处影习水标完难正己局记声参价和中了了计别色持果广导米接都于取多大太期水类J两想提存思参究常i光米商众M那体明基专入易关代m阶但八将品深可土对解最低运都条新小团示类度等上王dq图书E现办验门5起等车该多队次书Q即3度子量平应收表9业内府影次克地己年积确亲为克更中管算热江管e交J律商集土放支达严持全史科来程文r性通写M些做候众难k细大想当步U明验后具任具压Z根zr工了K世物美身维流立很m二发周状向关F门为真定性流群起最指观东之接很面比Q定处金格品s期置者离作维名们马养又战飞设名xw系口整清R段京消真的正了i机规府设再Y实有集规回只油家织求习格路总为低则研别极被果开3话统q层身率你清八别系实O重克眼使5见厂信次m议热以毛争们将也间适身之g思列相a无传交m理放单率天起金林越型什低有么q思9外月领明决离运相住完F车理容口验易响照风率很育验意业斯利机起快那达手热快因场反近基直管机说计气除需也b该局打机位准就已线以社解飞二会马眼克口称切革酸斗社速织z使体近过当明水电办特置信战发流于L合习设置知究把认王须想要万红厂动须程Gp持历9严收地二最业面做被利王候社东时起品治了保别V验处车压的什新当设农高断0线名业住C物元示规当称适三成运部并支置林需命o界段N节响石还按九系O风所走进入民养求z指表效反住万号有之表制律海和技千社状h4委战没意称段Q定细为明权根信习看反路二国识住天但W产p前保美C道白线无十济即委第南王从容经u去地真周素进5式也4存军系年值求共9本济更即原这见律革图计派转结个事人越把见般8金么7成N然o动设验如报且此你十据k么经群增支身北油他就少把正标治于决反向指物每y习问之段量车京你眼电生五z收表识听代选带X计转K标由时不眼形1s己律分关前e国义低她R九自9真强层加天Ok节东引况共电验京精争直广件立农认处2参响体B术国太号亲反准什q取头称I果保线化质住北变什西红酸界者被中e世dJ转或形最装县j过图金求些调Z造经北路统使路白情个京本r面几五律任算造力导如提么I太复二上色别华道任院量Lt她每东使电场属变更是压入便验设物青须动农么参清上我共T报着组多济科D定安器联集更平a段大接温华林t构备然习门无己连安子T型队现并但D期中律c精比H4离平R带同八无才时个何N非打率等提律低具j准7速具合其军局往从今复育直研识应复知温团里价证查布BV运通县县步群院法位金c量温精表直下别流听学色引边感四率称了院等发分i界更通证张持取价领党在所能人求步用月8体结z给量眼土管九眼连规会说传也们4权O飞向格Y我意称统及大许般C义为发些适严们越意红容产D府实三W力气解头结名型况完步U八千活行有意道Et它山过光局联P门y性的需G列划空结清总效行级众等平步色众花术克增给线点济矿别日给对以因5进G里运属KI必A各电q常联技加了革张给军积离识题们打光况府BQ铁报面米史风始你性始向给领局方共划达H此率采中个共何百三才消走所地达号级例划果万置并力价使规技强员使过政各s百查设度公xu眼马布今u等名元代铁器油a反长W才历取效据片百受交达器报力它和手B龙金义数把系必候难s省c何派收U叫意报Z没它院石准h百正1型决SZ油教度支面查一花住被i极所群能织已8包边需正除住基确查2一及说出gl面使住阶小Z别干着较理那又感E变风集Y图区精步达发线口光水近并率办革养亲是但切处太很N难生便器手成才称音利须斯开青每小党织计火较建且农应因求集间圆T律走反战能wx构么以光Fk提志利利部者方院并到权治安什使我着转所式除g广后低效何分层车六深使集飞l金历月影利住离W问规组G传记B意党党名8无出必方自工专维类本只用高重h厂入维化T9备起月行当T老验基满型上单有总清院张反即王南例EK快接率物机场增受值专1造平见次志主j点转T张T期议W次z对走那非问斗百意nQ深矿一如v族年经适此程证张节我改值传际红精教极候消日Z量许间k间取般示体文低B常务门党化花会细动金5七式金子目条历程决间参思F至王性革确调半出法器米反头应机Q9化对3意队Ks克高出别飞七效据x必通斯装7次单r政老合OS角则则整争性由己实收立高定子长区
  - 大字字号: 22
  - 小字字号: 4
  - 小字水平间距: 3px
  - 小字垂直间距: 3px
------------------------------
开始逐字生成模板并填充...
  - 正在处理大字: '治'
  - 正在处理大字: '江'
  - 正在处理大字: '根'
  - 正在处理大字: '外'
  - 正在处理大字: '党'
  - 正在处理大字: '目'
  - 正在处理大字: '组'
  - 正在处理大字: 'J'
  - 正在处理大字: '五'
  - 正在处理大字: '接'
  - 正在处理大字: '制'
  - 正在处理大字: '收'
  - 正在处理大字: '音'
  - 正在处理大字: '等'
  - 正在处理大字: 'E'
  - 正在处理大字: '养'
  - 正在处理大字: 'j'
  - 正在处理大字: '当'
  - 正在处理大字: '响'
  - 正在处理大字: '队'
  - 正在处理大字: '8'
  - 正在处理大字: '资'
  - 正在处理大字: '干'
  - 正在处理大字: '眼'
  - 正在处理大字: '张'
  - 正在处理大字: '八'
  - 正在处理大字: '常'
  - 正在处理大字: '严'
  - 正在处理大字: '律'
  - 正在处理大字: '作'
  - 正在处理大字: 'w'
  - 正在处理大字: '由'
  - 正在处理大字: '入'
  - 正在处理大字: '分'
  - 正在处理大字: '光'
  - 正在处理大字: '复'
填充完成。正在保存图像...
------------------------------
图像已保存为: /tmp/tmp_hb2d37w.png
总耗时: 0.05 秒
------------------------------
开始生成图像，参数如下:
  - 大字文本: 按领将米目族先同流23将结热后本较先许老据建入任...
  - 换行设置: 每 12 字换行
  - 小字文本: 象平严元现调全斗a识列务基所面应院角产电离K文见构机步N类生L做按号住管由感石建代速单J几题五县h后强教6按但标劳之群圆只斗前书飞n农应打林高规通制林手两局G开族放作半接南a界回细X系建者指为系相且而起或律关候叫线热0和近学信与比心Q各小空么8复门1日O走北权其习目己ocF此车接任备种后g的所并实务总人工马九无几i与感九种2打等X因元石你南在部系长装E么实与京出感从外走却a采作取却劳关市全东联你美线3革不干们效这条制队是那运研压线较近入展根o后文属名a个能交面国百记传V队争名满展T存眼切表动织积商老部温局发间么程9导入产交4近易住只公两7心查么计9角市Hqe维立有给机八条关小为2总变化得所角低具r合对平话准素图提养现后体9变f系矿道学经万整新示全目矿件特团所f查何状划根打气习分据力马办置温太市将查百且高制因近指美管观较起定无信易计最图用次对劳片较治建水放合须义命k拉象中被江变面s再般步作热引P离u动育回反信历般美矿Q手用委么装CP场K角称离般公号写议f成种公e状济志据相者任今前品高子业动火U确公治信办快N门门取对务消Lw劳了你W所x育领机计间v化Z月两力他受山还志统时J员式他设效通x日V天A才无老局X口头科算始第等好斗程权儿把j维和风放先山部史着处军决业则z感同W学长近育些好务最条组适群可克发党别至感民节展装科干毛运别众命华北照子期问断系该增而干建间山u需党术外小变量准实资期是示又T学将位连还一目年到广向严基级万确接器但般青它被油军热值么等儿经处了规过白周品常元内外斗非土和克流团C方来属花通立织报K并织i效品文开则把条先ia以称千争术周g万为E别律九队区使化起片达南状消天三保对影历与式门9强当线a他构本位着事各边族放用调P般清法员等平儿其能农放G质红好并快最划解强需就照发建属又感本整题标全步在科别见叫月9划任便什见声参物几Y斗展海机育调如要合几达织理金土I议六点运还X究今铁热电即1办产则些原京物党火般完土己r置电拉前场验再组分各调马民明议起众道现越s张想志基车确代件g所小查全构少五工儿日今使表产c非习过满己把中步象安法5层后到术美B声别革至手做g议用P本以县条却要S划府难南处各v见但看利风众再具件律期关际米y作难但C织广又组飞写区明六反北道立着计素除龙难对东儿商压整因传权因影对书已取老么部百准林计样单听年他红八k再适响同史价标与决农花商产3必火向确别斯各治内过步易通中线j油没l基调重反要向精圆当教到历Y见面必上土快研性美没年证切国者所各效即属8M于又难题对界但果场展记已权没6儿里比切算力t克万Lf利知别更r做斯便由好场十又候光确c入层积价所度眼他方难入经立共何山其意划即广先专等江么L华可能金L二省高身完导成体回亲完口直角派信因战a世系联m从花许劳P金大团象T各技门R门好权知务表pT称统x般没c矿红K西领g想志A感却文铁应此二江而增利得G及便F相认地他w的效常各r给具老道油色张学毛得后p而比人子效E石党器i场B根温手得X八儿水和s处反技型真重p联实回参着组火年花l议过深年观究g压江流全工形后查日广v记走的M酸y长热选样标么物年天领发素y级l务红UzZ他教府要见江色深民z易共西统划d世支拉适社根整传合用色民严老需有广多条织阶量d量了九张儿严构率此满元u声历需共办照九次转据变县r学者率除场六象元y调义装形部打局平才只及王文采都族科利等美界商金r四越金红热政子Q6任观族走通量拉l规观才细号义社满教学消公层经机养命活断c置京明性选很根则以世工江程整s时电人示办本3出置性指江先带水员着改关7外行从用力C半往7采国6做示己装资土斗值号s科十行通路无标际保题r众严类来y书直解料值土以天于量约内路严万器管u日铁这W其人议济金军权广么被过门济处眼政花强受表也林验长v治事达四物产最集方他理造办该无场真名想现取可样小半备派华须劳约了业张万最水名提然然角和需事节选完商3f型z价线步D劳值品建发交更率没M安究力运lX准带深出Q日器商更发气发性石斯感四究命技及强数s0六型制向系求更中现线用林人团S京被事必存志国业结L识结W领以院写导或林G我第没要其任分P劳除场广话任子除清发调往开么般及E京年流感x院铁科从地进基c带名程里间区布间质反列场系治况同适许广l给标历低置3前行看行组再发话应自织速等使共义总前打料西设酸属结外写研看E质品林器w精0能口有a存民且步术科规T平按
  - 大字字号: 15
  - 小字字号: 4
  - 小字水平间距: 3px
  - 小字垂直间距: 3px
------------------------------
开始逐字生成模板并填充...
  - 正在处理大字: '按'
  - 正在处理大字: '领'
  - 正在处理大字: '将'
  - 正在处理大字: '米'
  - 正在处理大字: '目'
  - 正在处理大字: '族'
  - 正在处理大字: '先'
  - 正在处理大字: '同'
  - 正在处理大字: '流'
  - 正在处理大字: '2'
  - 正在处理大字: '3'
  - 正在处理大字: '将'
  - 正在处理大字: '结'
  - 正在处理大字: '热'
  - 正在处理大字: '后'
  - 正在处理大字: '本'
  - 正在处理大字: '较'
  - 正在处理大字: '先'
  - 正在处理大字: '许'
  - 正在处理大字: '老'
  - 正在处理大字: '据'
  - 正在处理大字: '建'
  - 正在处理大字: '入'
  - 正在处理大字: '任'
填充完成。正在保存图像...
------------------------------
图像已保存为: /tmp/tmpo3smxrbv.png
总耗时: 0.02 秒
------------------------------
[2026-04-20 22:37:33] 预览图已生成: runs/linux_auto_20260420_203530/preview/preview_layers_grid.png
[2026-04-20 22:37:33] OCR预览图已生成: runs/linux_auto_20260420_203530/preview/preview_ocr_grid.png
[2026-04-20 22:37:33] 开始自动训练流程
[2026-04-20 22:37:33] 训练设备: cuda
[2026-04-20 22:37:34] 类别数: nesting=6, ocr=562
[2026-04-20 22:39:16] [NEST] epoch 1/90 train_loss=0.6138 val_loss=2.7547 val_acc=12.94%
[2026-04-20 22:39:17] [NEST] 保存最佳模型: runs/linux_auto_20260420_203530/models/nesting_best.pth
[2026-04-20 22:40:59] [NEST] epoch 2/90 train_loss=0.4811 val_loss=0.1980 val_acc=92.33%
[2026-04-20 22:40:59] [NEST] 保存最佳模型: runs/linux_auto_20260420_203530/models/nesting_best.pth
[2026-04-20 22:42:39] [NEST] epoch 3/90 train_loss=0.3868 val_loss=0.3316 val_acc=90.28%
[2026-04-20 22:44:21] [NEST] epoch 4/90 train_loss=0.3270 val_loss=0.2338 val_acc=91.00%
[2026-04-20 22:46:02] [NEST] epoch 5/90 train_loss=0.2948 val_loss=0.0947 val_acc=96.56%
[2026-04-20 22:46:02] [NEST] 保存最佳模型: runs/linux_auto_20260420_203530/models/nesting_best.pth
[2026-04-20 22:47:45] [NEST] epoch 6/90 train_loss=0.2973 val_loss=0.0477 val_acc=99.56%
[2026-04-20 22:47:45] [NEST] 保存最佳模型: runs/linux_auto_20260420_203530/models/nesting_best.pth
[2026-04-20 22:49:28] [NEST] epoch 7/90 train_loss=0.2854 val_loss=6.8794 val_acc=33.28%
[2026-04-20 22:51:14] [NEST] epoch 8/90 train_loss=0.2764 val_loss=0.1239 val_acc=96.39%
[2026-04-20 22:52:58] [NEST] epoch 9/90 train_loss=0.2832 val_loss=0.0500 val_acc=99.44%
[2026-04-20 22:54:43] [NEST] epoch 10/90 train_loss=0.2674 val_loss=1.3786 val_acc=66.28%
[2026-04-20 22:56:26] [NEST] epoch 11/90 train_loss=0.2641 val_loss=0.1669 val_acc=93.89%
[2026-04-20 22:58:09] [NEST] epoch 12/90 train_loss=0.2763 val_loss=0.0591 val_acc=99.39%
[2026-04-20 22:59:51] [NEST] epoch 13/90 train_loss=0.2654 val_loss=0.0569 val_acc=99.11%
[2026-04-20 23:01:34] [NEST] epoch 14/90 train_loss=0.2629 val_loss=0.0379 val_acc=99.83%
[2026-04-20 23:01:34] [NEST] 保存最佳模型: runs/linux_auto_20260420_203530/models/nesting_best.pth
[2026-04-20 23:03:20] [NEST] epoch 15/90 train_loss=0.2647 val_loss=0.0386 val_acc=100.00%
[2026-04-20 23:03:20] [NEST] 保存最佳模型: runs/linux_auto_20260420_203530/models/nesting_best.pth
[2026-04-20 23:05:03] [NEST] epoch 16/90 train_loss=0.2613 val_loss=0.0424 val_acc=100.00%
[2026-04-20 23:06:46] [NEST] epoch 17/90 train_loss=0.2686 val_loss=0.0364 val_acc=100.00%
[2026-04-20 23:08:27] [NEST] epoch 18/90 train_loss=0.2620 val_loss=0.0370 val_acc=100.00%
[2026-04-20 23:10:08] [NEST] epoch 19/90 train_loss=0.2571 val_loss=0.0380 val_acc=100.00%
[2026-04-20 23:11:50] [NEST] epoch 20/90 train_loss=0.2609 val_loss=0.0367 val_acc=99.94%
[2026-04-20 23:13:33] [NEST] epoch 21/90 train_loss=0.2592 val_loss=0.0440 val_acc=100.00%
[2026-04-20 23:15:16] [NEST] epoch 22/90 train_loss=0.2597 val_loss=0.0470 val_acc=99.72%
[2026-04-20 23:16:57] [NEST] epoch 23/90 train_loss=0.2578 val_loss=0.0381 val_acc=100.00%
[2026-04-20 23:18:38] [NEST] epoch 24/90 train_loss=0.2524 val_loss=0.0415 val_acc=100.00%
[2026-04-20 23:20:23] [NEST] epoch 25/90 train_loss=0.2594 val_loss=0.0318 val_acc=100.00%
[2026-04-20 23:22:03] [NEST] epoch 26/90 train_loss=0.2536 val_loss=0.0367 val_acc=100.00%
[2026-04-20 23:23:46] [NEST] epoch 27/90 train_loss=0.2590 val_loss=0.0385 val_acc=100.00%
[2026-04-20 23:25:29] [NEST] epoch 28/90 train_loss=0.2541 val_loss=0.0422 val_acc=100.00%
[2026-04-20 23:27:13] [NEST] epoch 29/90 train_loss=0.2525 val_loss=0.0885 val_acc=98.33%
[2026-04-20 23:28:57] [NEST] epoch 30/90 train_loss=0.2547 val_loss=0.0373 val_acc=100.00%
[2026-04-20 23:30:37] [NEST] epoch 31/90 train_loss=0.2601 val_loss=0.0392 val_acc=100.00%
[2026-04-20 23:32:20] [NEST] epoch 32/90 train_loss=0.2510 val_loss=0.0380 val_acc=100.00%
[2026-04-20 23:34:07] [NEST] epoch 33/90 train_loss=0.2532 val_loss=0.0421 val_acc=100.00%
[2026-04-20 23:35:47] [NEST] epoch 34/90 train_loss=0.2534 val_loss=2.1164 val_acc=44.89%
[2026-04-20 23:37:28] [NEST] epoch 35/90 train_loss=0.2531 val_loss=0.0415 val_acc=100.00%
[2026-04-20 23:39:09] [NEST] epoch 36/90 train_loss=0.2523 val_loss=0.0450 val_acc=99.89%
[2026-04-20 23:40:52] [NEST] epoch 37/90 train_loss=0.2541 val_loss=0.0420 val_acc=100.00%
[2026-04-20 23:42:33] [NEST] epoch 38/90 train_loss=0.2502 val_loss=0.0417 val_acc=100.00%
[2026-04-20 23:44:14] [NEST] epoch 39/90 train_loss=0.2555 val_loss=0.0406 val_acc=100.00%
[2026-04-20 23:45:56] [NEST] epoch 40/90 train_loss=0.2509 val_loss=0.0407 val_acc=100.00%
[2026-04-20 23:47:38] [NEST] epoch 41/90 train_loss=0.2515 val_loss=0.0384 val_acc=100.00%
[2026-04-20 23:49:21] [NEST] epoch 42/90 train_loss=0.2526 val_loss=0.0392 val_acc=100.00%
[2026-04-20 23:51:03] [NEST] epoch 43/90 train_loss=0.2503 val_loss=0.0432 val_acc=100.00%
[2026-04-20 23:52:44] [NEST] epoch 44/90 train_loss=0.2499 val_loss=0.0380 val_acc=100.00%
[2026-04-20 23:54:25] [NEST] epoch 45/90 train_loss=0.2504 val_loss=0.0488 val_acc=99.72%
[2026-04-20 23:56:06] [NEST] epoch 46/90 train_loss=0.2535 val_loss=0.0384 val_acc=100.00%
[2026-04-20 23:57:49] [NEST] epoch 47/90 train_loss=0.2496 val_loss=0.0421 val_acc=100.00%
[2026-04-20 23:59:30] [NEST] epoch 48/90 train_loss=0.2506 val_loss=0.0388 val_acc=100.00%
[2026-04-21 00:01:10] [NEST] epoch 49/90 train_loss=0.2500 val_loss=0.0407 val_acc=100.00%
[2026-04-21 00:02:49] [NEST] epoch 50/90 train_loss=0.2520 val_loss=0.0398 val_acc=100.00%
[2026-04-21 00:04:31] [NEST] epoch 51/90 train_loss=0.2499 val_loss=0.0440 val_acc=100.00%
[2026-04-21 00:06:11] [NEST] epoch 52/90 train_loss=0.2505 val_loss=0.0378 val_acc=100.00%
[2026-04-21 00:07:49] [NEST] epoch 53/90 train_loss=0.2497 val_loss=0.0479 val_acc=100.00%
[2026-04-21 00:09:30] [NEST] epoch 54/90 train_loss=0.2498 val_loss=0.0386 val_acc=100.00%
[2026-04-21 00:11:11] [NEST] epoch 55/90 train_loss=0.2511 val_loss=0.0369 val_acc=100.00%
[2026-04-21 00:12:52] [NEST] epoch 56/90 train_loss=0.2513 val_loss=0.0447 val_acc=100.00%
[2026-04-21 00:14:32] [NEST] epoch 57/90 train_loss=0.2502 val_loss=0.0395 val_acc=100.00%
[2026-04-21 00:16:13] [NEST] epoch 58/90 train_loss=0.2510 val_loss=0.0429 val_acc=100.00%
[2026-04-21 00:17:55] [NEST] epoch 59/90 train_loss=0.2488 val_loss=0.0392 val_acc=100.00%
[2026-04-21 00:19:37] [NEST] epoch 60/90 train_loss=0.2500 val_loss=0.0412 val_acc=100.00%
[2026-04-21 00:21:18] [NEST] epoch 61/90 train_loss=0.2492 val_loss=0.0391 val_acc=100.00%
[2026-04-21 00:23:00] [NEST] epoch 62/90 train_loss=0.2501 val_loss=0.0420 val_acc=100.00%
[2026-04-21 00:24:40] [NEST] epoch 63/90 train_loss=0.2497 val_loss=0.0402 val_acc=100.00%
[2026-04-21 00:26:19] [NEST] epoch 64/90 train_loss=0.2491 val_loss=0.0401 val_acc=100.00%
[2026-04-21 00:28:00] [NEST] epoch 65/90 train_loss=0.2491 val_loss=0.0374 val_acc=100.00%
[2026-04-21 00:29:38] [NEST] epoch 66/90 train_loss=0.2489 val_loss=0.0377 val_acc=100.00%
[2026-04-21 00:31:16] [NEST] epoch 67/90 train_loss=0.2497 val_loss=0.0402 val_acc=100.00%
[2026-04-21 00:32:55] [NEST] epoch 68/90 train_loss=0.2491 val_loss=0.0384 val_acc=99.94%
[2026-04-21 00:34:35] [NEST] epoch 69/90 train_loss=0.2490 val_loss=0.0405 val_acc=100.00%
[2026-04-21 00:36:14] [NEST] epoch 70/90 train_loss=0.2487 val_loss=0.0429 val_acc=100.00%
[2026-04-21 00:37:55] [NEST] epoch 71/90 train_loss=0.2488 val_loss=0.0381 val_acc=100.00%
[2026-04-21 00:39:36] [NEST] epoch 72/90 train_loss=0.2488 val_loss=0.0371 val_acc=100.00%
[2026-04-21 00:41:18] [NEST] epoch 73/90 train_loss=0.2488 val_loss=0.0385 val_acc=100.00%
[2026-04-21 00:43:06] [NEST] epoch 74/90 train_loss=0.2489 val_loss=0.0385 val_acc=100.00%
[2026-04-21 00:44:46] [NEST] epoch 75/90 train_loss=0.2493 val_loss=0.0378 val_acc=100.00%
[2026-04-21 00:46:26] [NEST] epoch 76/90 train_loss=0.2497 val_loss=0.0378 val_acc=100.00%
[2026-04-21 00:48:04] [NEST] epoch 77/90 train_loss=0.2487 val_loss=0.0402 val_acc=100.00%
[2026-04-21 00:49:45] [NEST] epoch 78/90 train_loss=0.2488 val_loss=0.0431 val_acc=100.00%
[2026-04-21 00:51:24] [NEST] epoch 79/90 train_loss=0.2487 val_loss=0.0403 val_acc=100.00%
[2026-04-21 00:53:01] [NEST] epoch 80/90 train_loss=0.2485 val_loss=0.0388 val_acc=100.00%
[2026-04-21 00:54:40] [NEST] epoch 81/90 train_loss=0.2487 val_loss=0.0394 val_acc=100.00%
[2026-04-21 00:56:21] [NEST] epoch 82/90 train_loss=0.2489 val_loss=0.0411 val_acc=100.00%
[2026-04-21 00:58:05] [NEST] epoch 83/90 train_loss=0.2486 val_loss=0.0389 val_acc=100.00%
[2026-04-21 00:59:43] [NEST] epoch 84/90 train_loss=0.2488 val_loss=0.0381 val_acc=100.00%
[2026-04-21 01:01:22] [NEST] epoch 85/90 train_loss=0.2486 val_loss=0.0404 val_acc=100.00%
[2026-04-21 01:03:02] [NEST] epoch 86/90 train_loss=0.2487 val_loss=0.0399 val_acc=100.00%
[2026-04-21 01:04:42] [NEST] epoch 87/90 train_loss=0.2486 val_loss=0.0382 val_acc=100.00%
[2026-04-21 01:06:22] [NEST] epoch 88/90 train_loss=0.2487 val_loss=0.0374 val_acc=100.00%
[2026-04-21 01:08:01] [NEST] epoch 89/90 train_loss=0.2487 val_loss=0.0385 val_acc=100.00%
[2026-04-21 01:09:42] [NEST] epoch 90/90 train_loss=0.2482 val_loss=0.0413 val_acc=100.00%
Traceback (most recent call last):
  File "/root/ocr/overnight_autotrain.py", line 1012, in <module>
    main()
  File "/root/ocr/overnight_autotrain.py", line 1005, in main
    summary = run_full_training(args, logger, run_dir)
              ^^^^^^^^^^^^^^^^^^^^^^^^^^^^^^^^^^^^^^^^
  File "/root/ocr/overnight_autotrain.py", line 830, in run_full_training
    ocr_stats = train_ocr_stage(
                ^^^^^^^^^^^^^^^^
  File "/root/ocr/overnight_autotrain.py", line 608, in train_ocr_stage
    logits = model(x, task="ocr")
             ^^^^^^^^^^^^^^^^^^^^
  File "/root/ocr/.venv/lib/python3.11/site-packages/torch/nn/modules/module.py", line 1739, in _wrapped_call_impl
    return self._call_impl(*args, **kwargs)
           ^^^^^^^^^^^^^^^^^^^^^^^^^^^^^^^^
  File "/root/ocr/.venv/lib/python3.11/site-packages/torch/nn/modules/module.py", line 1750, in _call_impl
    return forward_call(*args, **kwargs)
           ^^^^^^^^^^^^^^^^^^^^^^^^^^^^^
  File "/root/ocr/nested_char_detector.py", line 445, in forward
    features = self._extract_features(x)
               ^^^^^^^^^^^^^^^^^^^^^^^^^
  File "/root/ocr/nested_char_detector.py", line 432, in _extract_features
    x = self.layer1(x)
        ^^^^^^^^^^^^^^
  File "/root/ocr/.venv/lib/python3.11/site-packages/torch/nn/modules/module.py", line 1739, in _wrapped_call_impl
    return self._call_impl(*args, **kwargs)
           ^^^^^^^^^^^^^^^^^^^^^^^^^^^^^^^^
  File "/root/ocr/.venv/lib/python3.11/site-packages/torch/nn/modules/module.py", line 1750, in _call_impl
    return forward_call(*args, **kwargs)
           ^^^^^^^^^^^^^^^^^^^^^^^^^^^^^
  File "/root/ocr/.venv/lib/python3.11/site-packages/torch/nn/modules/container.py", line 250, in forward
    input = module(input)
            ^^^^^^^^^^^^^
  File "/root/ocr/.venv/lib/python3.11/site-packages/torch/nn/modules/module.py", line 1739, in _wrapped_call_impl
    return self._call_impl(*args, **kwargs)
           ^^^^^^^^^^^^^^^^^^^^^^^^^^^^^^^^
  File "/root/ocr/.venv/lib/python3.11/site-packages/torch/nn/modules/module.py", line 1750, in _call_impl
    return forward_call(*args, **kwargs)
           ^^^^^^^^^^^^^^^^^^^^^^^^^^^^^
  File "/root/ocr/nested_char_detector.py", line 326, in forward
    out = self.bn2(self.conv2(out))
          ^^^^^^^^^^^^^^^^^^^^^^^^^
  File "/root/ocr/.venv/lib/python3.11/site-packages/torch/nn/modules/module.py", line 1739, in _wrapped_call_impl
    return self._call_impl(*args, **kwargs)
           ^^^^^^^^^^^^^^^^^^^^^^^^^^^^^^^^
  File "/root/ocr/.venv/lib/python3.11/site-packages/torch/nn/modules/module.py", line 1750, in _call_impl
    return forward_call(*args, **kwargs)
           ^^^^^^^^^^^^^^^^^^^^^^^^^^^^^
  File "/root/ocr/.venv/lib/python3.11/site-packages/torch/nn/modules/batchnorm.py", line 193, in forward
    return F.batch_norm(
           ^^^^^^^^^^^^^
  File "/root/ocr/.venv/lib/python3.11/site-packages/torch/nn/functional.py", line 2822, in batch_norm
    return torch.batch_norm(
           ^^^^^^^^^^^^^^^^^
torch.OutOfMemoryError: CUDA out of memory. Tried to allocate 2.00 GiB. GPU 0 has a total capacity of 22.15 GiB of which 58.94 MiB is free. Process 88791 has 22.07 GiB memory in use. Of the allocated memory 20.61 GiB is allocated by PyTorch, and 1.03 GiB is reserved by PyTorch but unallocated. If reserved but unallocated memory is large try setting PYTORCH_CUDA_ALLOC_CONF=expandable_segments:True to avoid fragmentation.  See documentation for Memory Management  (https://pytorch.org/docs/stable/notes/cuda.html#environment-variables)
